DROP TABLE IF EXISTS "INDIRIZZO" CASCADE;
CREATE TABLE "INDIRIZZO" (
	"ID" serial NOT NULL,
	"Via" varchar(60) NOT NULL,
	"Città" varchar(30) NOT NULL,
	"Cap" varchar(5) NOT NULL,
	"Provincia" varchar(2) NOT NULL,
	"Regione" varchar(21) NOT NULL,
	PRIMARY KEY ("ID")
);
DROP TABLE IF EXISTS "UTENTE" CASCADE;
CREATE TABLE "UTENTE" (
	"ID" serial NOT NULL,
	"Nome" varchar(20) NOT NULL,
	"Cognome" varchar(20) NOT NULL,
	"Email" varchar(35) NOT NULL,
	"Telefono" varchar(10),
	"Password" varchar(64),
	"ID_INDIRIZZO" integer NOT NULL,
	PRIMARY KEY ("ID"),
	FOREIGN KEY ("ID_INDIRIZZO") REFERENCES "INDIRIZZO" ("ID") MATCH FULL ON DELETE RESTRICT ON UPDATE CASCADE
);
DROP TABLE IF EXISTS "CODICE SCONTO" CASCADE;
CREATE TABLE "CODICE SCONTO" (
	"Nome" varchar(12) NOT NULL,
	"Valore" money NOT NULL,
	PRIMARY KEY ("Nome")
);
DROP TABLE IF EXISTS "ORDINE" CASCADE;
CREATE TABLE "ORDINE" (
	"NumOrdine" serial NOT NULL,
	"Data" date NOT NULL,
	"ID_UTENTE" integer NOT NULL,
	"ID_INDIRIZZO" integer NOT NULL,
	"Nome_CODICE SCONTO" varchar(12),
	PRIMARY KEY ("NumOrdine"),
	FOREIGN KEY ("ID_UTENTE") REFERENCES "UTENTE" ("ID") MATCH FULL ON DELETE RESTRICT ON UPDATE CASCADE,
	FOREIGN KEY ("ID_INDIRIZZO") REFERENCES "INDIRIZZO" ("ID") MATCH FULL ON DELETE RESTRICT ON UPDATE CASCADE,
	FOREIGN KEY ("Nome_CODICE SCONTO") REFERENCES "CODICE SCONTO" ("Nome") MATCH FULL ON DELETE RESTRICT ON UPDATE CASCADE
);
DROP TABLE IF EXISTS "GRUPPO TASTIERE" CASCADE;
CREATE TABLE "GRUPPO TASTIERE" (
	"ID" serial NOT NULL,
	"NumOrdine_ORDINE" integer NOT NULL,
	"ID_TASTIERA MECCANICA" integer NOT NULL,
	PRIMARY KEY ("ID"),
	FOREIGN KEY ("NumOrdine_ORDINE") REFERENCES "ORDINE" ("NumOrdine") MATCH FULL ON DELETE RESTRICT ON UPDATE CASCADE,
	FOREIGN KEY ("ID_TASTIERA MECCANICA") REFERENCES "TASTIERA MECCANICA" ("ID") MATCH FULL ON DELETE RESTRICT ON UPDATE CASCADE
);
DROP TABLE IF EXISTS "LAYOUT" CASCADE;
CREATE TABLE "LAYOUT" (
	"ID" serial NOT NULL,
	"Formato" varchar(7) NOT NULL,
	"Size" varchar(4) NOT NULL,
	"N_tasti" smallint NOT NULL,
	PRIMARY KEY ("ID")
);
DROP TABLE IF EXISTS "KEYCAPS" CASCADE;
CREATE TABLE "KEYCAPS" (
	"ID" serial NOT NULL,
	"Materiale" varchar(40) NOT NULL,
	"Designer" varchar(40) NOT NULL,
	"Shine_through" bool NOT NULL,
	"Profilo" varchar(6) NOT NULL,
	"Manufacturer" varchar(20) NOT NULL,
	"Prezzo" money NOT NULL,
	"Quantità" smallint NOT NULL,
	"ID_LAYOUT" integer NOT NULL,
	PRIMARY KEY ("ID"),
	FOREIGN KEY ("ID_LAYOUT") REFERENCES "LAYOUT" ("ID") MATCH FULL ON DELETE RESTRICT ON UPDATE CASCADE
);
DROP TABLE IF EXISTS "PCB" CASCADE;
CREATE TABLE "PCB" (
	"ID" serial NOT NULL,
	"Pin_number" smallint NOT NULL,
	"Manufacturer" varchar(20) NOT NULL,
	"Ports" varchar(11) NOT NULL,
	"Hotswappable" bool NOT NULL,
	"Retroilluminazione" bool NOT NULL,
	"Prezzo" money NOT NULL,
	"Quantità" smallint NOT NULL,
	"Capacità_batteria" smallint,
	"ID_LAYOUT" integer NOT NULL,
	PRIMARY KEY ("ID"),
	FOREIGN KEY ("ID_LAYOUT") REFERENCES "LAYOUT" ("ID") MATCH FULL ON DELETE RESTRICT ON UPDATE CASCADE
);
DROP TABLE IF EXISTS "SWITCH" CASCADE;
CREATE TABLE "SWITCH" (
	"ID" serial NOT NULL,
	"Colore" varchar(20),
	"Actuation_force" smallint,
	"Transparenza" bool,
	"Led_facing" varchar(5),
	"Silent" bool,
	"Pin_number" smallint,
	"Manufacturer" varchar(20),
	"Actuation_type" varchar(7),
	"Prezzo" money,
	PRIMARY KEY ("ID")
);
DROP TABLE IF EXISTS "PLATE" CASCADE;
CREATE TABLE "PLATE" (
	"ID" serial NOT NULL,
	"Materiale" varchar(40) NOT NULL,
	"Manufacturer" varchar(20) NOT NULL,
	"Prezzo" money NOT NULL,
	"Quantità" smallint NOT NULL,
	"ID_LAYOUT" integer NOT NULL,
	PRIMARY KEY ("ID"),
	FOREIGN KEY ("ID_LAYOUT") REFERENCES "LAYOUT" ("ID") MATCH FULL ON DELETE RESTRICT ON UPDATE CASCADE
);
DROP TABLE IF EXISTS "CASE" CASCADE;
CREATE TABLE "CASE" (
	"ID" serial NOT NULL,
	"Colore" varchar(20),
	"Materiale" varchar(20) NOT NULL,
	"Manufacturer" varchar(20) NOT NULL,
	"Prezzo" money NOT NULL,
	"Quantità" smallint NOT NULL,
	"ID_LAYOUT" integer NOT NULL,
	PRIMARY KEY ("ID"),
	FOREIGN KEY ("ID_LAYOUT") REFERENCES "LAYOUT" ("ID") MATCH FULL ON DELETE RESTRICT ON UPDATE CASCADE
);
DROP TABLE IF EXISTS "TASTIERA MECCANICA" CASCADE;
CREATE TABLE "TASTIERA MECCANICA" (
	"ID" serial NOT NULL,
	"ID_KEYCAPS" integer NOT NULL,
	"ID_PCB" integer NOT NULL,
	"ID_SWITCH" integer NOT NULL,
	"ID_PLATE" integer NOT NULL,
	"ID_CASE" integer NOT NULL,
	PRIMARY KEY ("ID"),
	FOREIGN KEY ("ID_KEYCAPS") REFERENCES "KEYCAPS" ("ID") MATCH FULL ON DELETE RESTRICT ON UPDATE CASCADE,
	FOREIGN KEY ("ID_CASE") REFERENCES "CASE" ("ID") MATCH FULL ON DELETE RESTRICT ON UPDATE CASCADE,
	FOREIGN KEY ("ID_PCB") REFERENCES "PCB" ("ID") MATCH FULL ON DELETE RESTRICT ON UPDATE CASCADE,
	FOREIGN KEY ("ID_PLATE") REFERENCES "PLATE" ("ID") MATCH FULL ON DELETE RESTRICT ON UPDATE CASCADE,
	FOREIGN KEY ("ID_SWITCH") REFERENCES "SWITCH" ("ID") MATCH FULL ON DELETE RESTRICT ON UPDATE CASCADE
);
DROP TABLE IF EXISTS "RECENSIONE" CASCADE;
CREATE TABLE "RECENSIONE" (
	"ID" serial NOT NULL,
	"Valutazione" varchar(1) NOT NULL,
	"Data" date NOT NULL,
	"Testo" varchar(140),
	"NumOrdine_ORDINE" integer NOT NULL,
	PRIMARY KEY ("ID"),
	FOREIGN KEY ("NumOrdine_ORDINE") REFERENCES "ORDINE" ("NumOrdine") MATCH FULL ON DELETE RESTRICT ON UPDATE CASCADE,
	UNIQUE ("NumOrdine_ORDINE")
);
INSERT INTO public."LAYOUT" ("ID", "Formato", "Size", "N_tasti") VALUES
(E'1', E'ISO-IT', E'60', E'68'),
(E'2', E'ISO-IT', E'65', E'67'),
(E'3', E'ISO-IT', E'TKL', E'87'),
(E'4', E'ISO-IT', E'100', E'104'),
(E'5', E'ISO-DE', E'60', E'68'),
(E'6', E'ISO-DE', E'65', E'67'),
(E'7', E'ISO-DE', E'TKL', E'87'),
(E'8', E'ISO-DE', E'100', E'104'),
(E'9', E'ANSI-US', E'60', E'68'),
(E'10', E'ANSI-US', E'65', E'67'),
(E'11', E'ANSI-US', E'TKL', E'87'),
(E'12', E'ANSI-US', E'100', E'104');
INSERT INTO public."INDIRIZZO" ("ID", "Via", "Città", "Cap", "Provincia", "Regione") VALUES
(1, '58 American Terrace', 'Palermo', '90141', 'PA', 'Sicilia'),
(2, '701 Eastlawn Terrace', 'Genova', '16124', 'GE', 'Liguria'),
(3, '59 Annamark Hill', 'Genova', '16157', 'GE', 'Liguria'),
(4, '62667 Russell Plaza', 'Genova', '16124', 'GE', 'Liguria'),
(5, '6 Basil Circle', 'Perugia', '06124', 'PG', 'Umbria'),
(6, '02 Annamark Center', 'Perugia', '06124', 'PG', 'Umbria'),
(7, '5 Orin Avenue', 'Bologna', '40141', 'BO', 'Emilia-Romagna'),
(8, '7009 Fair Oaks Parkway', 'Catania', '95123', 'CT', 'Sicilia'),
(9, '41309 Algoma Hill', 'Villanova', '29010', 'BO', 'Emilia-Romagna'),
(10, '7 Pierstorff Circle', 'Padova', '35141', 'PD', 'Veneto'),
(11, '85 Lakeland Circle', 'Milano', '20158', 'MI', 'Lombardia'),
(12, '734 Brickson Park Terrace', 'Trieste', '34141', 'TS', 'Friuli-Venezia Giulia'),
(13, '2094 Lighthouse Bay Center', 'Messina', '98146', 'ME', 'Sicilia'),
(14, '509 Fuller Center', 'Mestre', '30175', 'VE', 'Veneto'),
(15, '31 Ridge Oak Trail', 'Firenze', '50136', 'FI', 'Toscana'),
(16, '19 Dixon Way', 'Verona', '37129', 'VR', 'Veneto'),
(17, '327 Rutledge Trail', 'Genova', '16146', 'GE', 'Liguria'),
(18, '01 Jana Crossing', 'Roma', '00141', 'RO', 'Lazio'),
(19, '07 Dapin Road', 'Padova', '35141', 'PD', 'Veneto'),
(20, '7 Jenna Court', 'Roma', '00196', 'RO', 'Lazio'),
(21, '02771 Mallard Hill', 'Napoli', '80129', 'NA', 'Campania'),
(22, '36449 Jackson Drive', 'Reggio Calabria', '89129', 'RC', 'Calabria'),
(23, '60100 La Follette Junction', 'Verona', '37142', 'VR', 'Veneto'),
(24, '5036 Emmet Parkway', 'Genova', '16124', 'GE', 'Liguria'),
(25, '58 Graceland Terrace', 'Torino', '10141', 'TO', 'Piemonte'),
(26, '059 Merry Way', 'Bologna', '40141', 'BO', 'Emilia-Romagna'),
(27, '0934 Superior Way', 'Mestre', '30175', 'VE', 'Veneto'),
(28, '870 Scott Alley', 'Verona', '37142', 'VR', 'Veneto'),
(29, '0 Bluejay Way', 'Roma', '00152', 'RO', 'Lazio'),
(30, '27604 Meadow Vale Junction', 'Napoli', '80141', 'NA', 'Campania'),
(31, '79 Luster Drive', 'Milano', '20158', 'MI', 'Lombardia'),
(32, '0185 Merry Crossing', 'Padova', '35141', 'PD', 'Veneto'),
(33, '681 Laurel Plaza', 'Bologna', '40128', 'BO', 'Emilia-Romagna'),
(34, '6491 Stoughton Court', 'Palermo', '90129', 'PA', 'Sicilia'),
(35, '69 Dennis Pass', 'Verona', '37129', 'VR', 'Veneto'),
(36, '687 Almo Avenue', 'Napoli', '80141', 'NA', 'Campania'),
(37, '4 Kinsman Trail', 'Bergamo', '24129', 'BG', 'Lombardia'),
(38, '71 Melrose Circle', 'Messina', '98146', 'ME', 'Sicilia'),
(39, '423 Carberry Plaza', 'Padova', '35141', 'PD', 'Veneto'),
(40, '645 Kinsman Circle', 'Villanova', '29010', 'BO', 'Emilia-Romagna'),
(41, '0 Arizona Parkway', 'Bologna', '40128', 'BO', 'Emilia-Romagna'),
(42, '7 Crowley Street', 'Messina', '98168', 'ME', 'Sicilia'),
(43, '8611 Hagan Court', 'Brescia', '25129', 'BS', 'Lombardia'),
(44, '821 Luster Trail', 'Messina', '98146', 'ME', 'Sicilia'),
(45, '6 Delaware Junction', 'Torino', '10141', 'TO', 'Piemonte'),
(46, '97 Dovetail Circle', 'Roma', '00128', 'RO', 'Lazio'),
(47, '7 Packers Court', 'Genova', '16157', 'GE', 'Liguria'),
(48, '214 Armistice Alley', 'Trieste', '34141', 'TR', 'Friuli-Venezia Giulia'),
(49, '24 Johnson Crossing', 'Firenze', '50136', 'FI', 'Toscana'),
(50, '56987 South Alley', 'Verona', '37142', 'VE', 'Veneto'),
(51, '5216 Mallard Court', 'Roma', '00141', 'RO', 'Lazio'),
(52, '7815 Sycamore Plaza', 'Milano', '20136', 'MI', 'Lombardia'),
(53, '67 Grim Avenue', 'Salerno', '84135', 'SA', 'Campania'),
(54, '18630 Mcbride Parkway', 'Torino', '10152', 'TO', 'Piemonte'),
(55, '0170 School Place', 'Pescara', '65129', 'PS', 'Abruzzi'),
(56, '928 Brown Circle', 'Palermo', '90129', 'PA', 'Sicilia'),
(57, '7751 Corry Point', 'Roma', '00174', 'RO', 'Lazio'),
(58, '0 Swallow Parkway', 'Napoli', '80129', 'NA', 'Campania'),
(59, '4658 Arrowood Avenue', 'Venezia', '30132', 'VE', 'Veneto'),
(60, '8 8th Trail', 'Messina', '98168', 'ME', 'Sicilia'),
(61, '3 Hazelcrest Plaza', 'Napoli', '80141', 'NA', 'Campania'),
(62, '2 Loftsgordon Lane', 'Livorno', '57124', 'LI', 'Toscana'),
(63, '96469 Hooker Parkway', 'Napoli', '80129', 'NA', 'Campania'),
(64, '3 Hoffman Junction', 'Napoli', '80141', 'NA', 'Campania'),
(65, '57 Union Place', 'Palermo', '90129', 'PA', 'Sicilia'),
(66, '7675 Forest Run Crossing', 'Roma', '00196', 'RO', 'Lazio'),
(67, '268 Manitowish Terrace', 'Torino', '10129', 'TO', 'Piemonte'),
(68, '24 Ridge Oak Hill', 'Roma', '00128', 'RO', 'Lazio'),
(69, '56449 Almo Junction', 'Genova', '16124', 'GE', 'Liguria'),
(70, '45 Mcguire Alley', 'Roma', '00196', 'RO', 'Lazio'),
(71, '709 Loeprich Hill', 'Bologna', '40128', 'BO', 'Emilia-Romagna'),
(72, '32 Tony Court', 'Cagliari', '09124', 'CA', 'Sardegna'),
(73, '7 Sundown Road', 'Ancona', '60129', 'AN', 'Marche'),
(74, '11 Jenna Circle', 'Messina', '98124', 'ME', 'Sicilia'),
(75, '916 Heffernan Park', 'Firenze', '50136', 'FI', 'Toscana'),
(76, '795 Waxwing Center', 'Milano', '20125', 'MI', 'Lombardia'),
(77, '7026 Lerdahl Junction', 'Genova', '16157', 'GE', 'Liguria'),
(78, '67 Grasskamp Hill', 'Padova', '35129', 'PD', 'Veneto'),
(79, '7 Karstens Hill', 'Trieste', '34141', 'TR', 'Friuli-Venezia Giulia'),
(80, '35 Hollow Ridge Road', 'Padova', '35141', 'PD', 'Veneto'),
(81, '49 Chive Circle', 'Padova', '35129', 'PD', 'Veneto'),
(82, '5 Loomis Way', 'Firenze', '50136', 'FI', 'Toscana'),
(83, '2 Sauthoff Park', 'Messina', '98146', 'ME', 'Sicilia'),
(84, '153 Pankratz Crossing', 'Genova', '16146', 'GE', 'Liguria'),
(85, '518 Annamark Place', 'Roma', '00163', 'RO', 'Lazio'),
(86, '4078 Pankratz Road', 'Brescia', '25129', 'BS', 'Lombardia'),
(87, '222 Coleman Terrace', 'Napoli', '80141', 'NA', 'Campania'),
(88, '71 Lake View Pass', 'Trieste', '34129', 'TR', 'Friuli-Venezia Giulia'),
(89, '866 Anhalt Alley', 'Messina', '98135', 'ME', 'Sicilia'),
(90, '03115 Holy Cross Alley', 'Venezia', '30132', 'VE', 'Veneto'),
(91, '7241 Farragut Hill', 'Cagliari', '09124', 'CA', 'Sardegna'),
(92, '105 Novick Junction', 'Brescia', '25129', 'BS', 'Lombardia'),
(93, '6490 Monica Park', 'Bologna', '40128', 'BO', 'Emilia-Romagna'),
(94, '7461 Hudson Terrace', 'Messina', '98124', 'ME', 'Sicilia'),
(95, '7 International Way', 'Trieste', '34141', 'TR', 'Friuli-Venezia Giulia'),
(96, '8 Hudson Trail', 'Mestre', '30175', 'VE', 'Veneto'),
(97, '6886 Orin Terrace', 'Milano', '20158', 'MI', 'Lombardia'),
(98, '9076 Bartelt Hill', 'Bologna', '40128', 'BO', 'Emilia-Romagna'),
(99, '91081 South Park', 'Bologna', '40141', 'BO', 'Emilia-Romagna'),
(100, '45 Loomis Terrace', 'Laspezia', '19139', 'SP', 'Liguria');
INSERT INTO public."UTENTE" ("ID", "Nome", "Cognome", "Email", "Telefono", "Password", "ID_INDIRIZZO") VALUES

(1, 'Bevan', 'Glassopp', 'bglassopp0@simplemachines.org', '3702265669', null, 1),
(2, 'Germayne', 'Pawnsford', 'gpawnsford1@fda.gov', '1126662945', null, 2),
(3, 'Clyve', 'Mara', 'cmara2@simplemachines.org', '6908553116', 'a0825289a3bd80f988065f83c6a98df24ec89edaaec68473b1cc6fe5df96bf48', 3),
(4, 'Pascal', 'Murrell', 'pmurrell3@parallels.com', '2582025700', null, 4),
(5, 'Ferrell', 'Mackin', 'fmackin4@ftc.gov', '9638334711', '5bb502091bde6f65c591141a4191c9cf1b356b5fcdc5b324fea9f43e79919c18', 5),
(6, 'Myrilla', 'Durning', 'mdurning5@google.es', '8365226864', null, 6),
(7, 'Sharity', 'Abbison', 'sabbison6@goo.ne.jp', '9875844331', null, 7),
(8, 'Zacharias', 'Hubbuck', 'zhubbuck7@phoca.cz', '6883087894', null, 8),
(9, 'Zenia', 'Corington', 'zcorington8@addthis.com', '5844303768', null, 9),
(10, 'Rudy', 'Lunt', 'rlunt9@liveinternet.ru', '5368520945', null, 10),
(11, 'Pauly', 'Braney', 'pbraneya@privacy.gov.au', '1002029949', null, 11),
(12, 'Mortimer', 'Peacham', 'mpeachamb@scientificamerican.com', '5073485789', null, 12),
(13, 'Vida', 'Howford', 'vhowfordc@com.com', '8537420154', null, 13),
(14, 'Sile', 'Beavis', 'sbeavisd@freewebs.com', '3036828466', '76fa05899d2f56e6804e77af2d896d083763dce75ca58afcdff4dbe54d7342a0', 14),
(15, 'Rudiger', 'Labb', 'rlabbe@mapquest.com', '3566563501', '14e9b0dd77ff8a65ff02c8b66452b3366a30530f9a4ffbd9816c98f9de3fdc8d', 15),
(16, 'Madalena', 'Kerner', 'mkernerf@stanford.edu', '9729909717', null, 16),
(17, 'Barnett', 'Whiteford', 'bwhitefordg@cmu.edu', '1969691979', 'e8884bbc7fe9741267d29f49065ffabe266c87c56cb36f81eaa481e1b04f5419', 17),
(18, 'Tonya', 'Joicey', 'tjoiceyh@devhub.com', '9757984616', null, 18),
(19, 'Rosa', 'Perrone', 'rperronei@theatlantic.com', '2005304174', 'ace19ac0c4354176bd4afa7d9dcb0180794f34aedd8a1215b69f74ae652096c6', 19),
(20, 'Loella', 'Elliker', 'lellikerj@mysql.com', '7758109797', '6f7ae9f8c93340f3e488e05136aea5970464d3a0a7ed0976d1e063db54c9f171', 20),
(21, 'Dennie', 'Dorkens', 'ddorkensk@baidu.com', '6332085779', '495cf422d5e5cc8142841683d4ed6816b4d74e63ce3aaf099c0210cb501efb4c', 21),
(22, 'Melinde', 'Alty', 'maltyl@gov.uk', '1752055991', null, 22),
(23, 'Cody', 'Covey', 'ccoveym@biglobe.ne.jp', '3195357811', '209bcb5ba0ec2d7a2c9ff35aa248d637eb30804f95457f81a3a293637365eac6', 23),
(24, 'Trish', 'Cunnow', 'tcunnown@hexun.com', '2216326943', null, 24),
(25, 'Cesar', 'Calliss', 'ccallisso@webnode.com', '9146313992', null, 25),
(26, 'Dre', 'Woodison', 'dwoodisonp@pen.io', '3279966611', null, 26),
(27, 'Melvyn', 'Shoebottom', 'mshoebottomq@biglobe.ne.jp', '1085087750', null, 27),
(28, 'Willamina', 'Laddle', 'wladdler@posterous.com', '3908162048', 'e61d679aaefcbd1449c4b9e90cb0bbb920cb01ac1c4d81dd24d45be0c7541bed', 28),
(29, 'Tabina', 'Nitti', 'tnittis@blinklist.com', '7017045248', 'a0558b72444df3254abbafc8d6efc81d80f10005512bf697f064f76d8369952f', 29),
(30, 'Guido', 'Falloon', 'gfalloont@xinhuanet.com', '4981777064', '1baf93e72c6f8fe3aed5f896e133bd0ebd87e8b7e5268f68b3177ce18b1b83bf', 30),
(31, 'Gannon', 'Prudence', 'gprudenceu@xinhuanet.com', '3834329981', null, 31),
(32, 'Adda', 'Ingliss', 'ainglissv@pagesperso-orange.fr', '7232704794', null, 32),
(33, 'Carlota', 'Caswall', 'ccaswallw@biglobe.ne.jp', '7935967675', null, 33),
(34, 'Netta', 'Keppy', 'nkeppyx@booking.com', '9865104898', null, 34),
(35, 'Shalom', 'Skea', 'sskeay@google.pl', '3695390812', null, 35),
(36, 'Lea', 'Oddy', 'loddyz@sciencedirect.com', '1339659632', null, 36),
(37, 'Doe', 'Babbe', 'dbabbe10@purevolume.com', '5811532315', null, 37),
(38, 'Ailey', 'Kanwell', 'akanwell11@parallels.com', '4047987457', 'a6d6c30a6de82db01c6334b14821a086e0176247a3400462e33c7394d0d28cfe', 38),
(39, 'Geneva', 'Kenchington', 'gkenchington12@sina.com.cn', '5803436395', null, 39),
(40, 'Jennifer', 'Madelin', 'jmadelin13@google.com', '1937205957', null, 40),
(41, 'Noelyn', 'Fussen', 'nfussen14@taobao.com', '3296605043', null, 41),
(42, 'Nanni', 'Hutchinges', 'nhutchinges15@i2i.jp', '4111380118', '8ba3efe3950896715caed4a2815929651efe732f0f4c984403a1f19936801041', 42),
(43, 'Mahmud', 'Meryett', 'mmeryett16@nature.com', '1568365068', null, 43),
(44, 'Welsh', 'Darby', 'wdarby17@ovh.net', '4095690429', 'c9ddc81ebf6188793d30492b83d29b8e0a6432ff84390fec3bf135f5109db9ff', 44),
(45, 'Frazier', 'Motherwell', 'fmotherwell18@mysql.com', '9237572318', null, 45),
(46, 'Sonny', 'Longfut', 'slongfut19@google.com.au', '8633141049', null, 46),
(47, 'Araldo', 'Inmett', 'ainmett1a@yandex.ru', '6303150495', null, 47),
(48, 'Teddie', 'Clowley', 'tclowley1b@newsvine.com', '1686307522', null, 48),
(49, 'Merrile', 'Hosby', 'mhosby1c@plala.or.jp', '5511701832', null, 49),
(50, 'Irvin', 'Sinyard', 'isinyard1d@discuz.net', '4099194781', 'ab56a0268cd11493d14dabade755bd3c774cc89af24480f99f25831cdf437e45', 50),
(51, 'Ky', 'Westwood', 'kwestwood1e@nsw.gov.au', '5517619333', null, 51),
(52, 'Darci', 'Jammes', 'djammes1f@nba.com', '8713179820', null, 52),
(53, 'Hernando', 'Dallosso', 'hdallosso1g@friendfeed.com', '7005186765', 'ba583916dd8d68d605b096e1dfd71e69e476a84c20e090ae0af8927d383c7393', 53),
(54, 'Kerianne', 'Klessmann', 'kklessmann1h@qq.com', '9598019541', null, 54),
(55, 'Krista', 'Hurleston', 'khurleston1i@wix.com', '7414570535', null, 55),
(56, 'Ronica', 'Gutierrez', 'rgutierrez1j@dmoz.org', '4022444911', 'a28fe4319f9f2c384f83e45f333556f3b9a458a159a5d1394ecde212e82ecc90', 56),
(57, 'Ardelia', 'Carlton', 'acarlton1k@google.es', '4302418921', 'b0f0ade9e5935619ad831ef77fc0e0fb71303e57b009dcac9aaaca596f37ce38', 57),
(58, 'Fred', 'Scammonden', 'fscammonden1l@example.com', '5907943021', null, 58),
(59, 'Connor', 'Bosdet', 'cbosdet1m@theglobeandmail.com', '4158567382', null, 59),
(60, 'Mariel', 'Gergher', 'mgergher1n@etsy.com', '1781389554', null, 60),
(61, 'Leia', 'Twizell', 'ltwizell1o@craigslist.org', '7727260304', null, 61),
(62, 'Ruthy', 'Pauls', 'rpauls1p@army.mil', '8367609001', null, 62),
(63, 'Axel', 'Crowther', 'acrowther1q@businessweek.com', '9222753285', null, 63),
(64, 'Rubin', 'Stoffersen', 'rstoffersen1r@deliciousdays.com', '4417832426', null, 64),
(65, 'Lon', 'Dunning', 'ldunning1s@epa.gov', '8982866637', null, 65),
(66, 'Noella', 'McKeever', 'nmckeever1t@aol.com', '7845712807', null, 66),
(67, 'Tannie', 'Dranfield', 'tdranfield1u@last.fm', '1888189356', 'ef70e4ea927e33d5f8fb8c66971209ec4683cf293bc72bdcdb78d47eecff721b', 67),
(68, 'Hulda', 'Rhodef', 'hrhodef1v@irs.gov', '9201588646', '49fc966222211a513d1474891569a70dd1befc44ec2909020f26464ecd386ee4', 68),
(69, 'Loria', 'Serchwell', 'lserchwell1w@cbslocal.com', '1902539125', null, 69),
(70, 'Karil', 'Birchenhead', 'kbirchenhead1x@webnode.com', '8733832863', null, 70),
(71, 'Ronald', 'Lude', 'rlude1y@bloomberg.com', '2786475631', null, 71),
(72, 'Ginger', 'McBoyle', 'gmcboyle1z@latimes.com', '3449546242', null, 72),
(73, 'Davie', 'Dimberline', 'ddimberline20@odnoklassniki.ru', '3655263998', null, 73),
(74, 'Louisa', 'Giacobbo', 'lgiacobbo21@posterous.com', '1122658653', null, 74),
(75, 'Steward', 'Pringle', 'springle22@ebay.co.uk', '6076661057', null, 75),
(76, 'Neilla', 'Bierton', 'nbierton23@twitter.com', '6364843515', null, 76),
(77, 'Shurlock', 'Dulake', 'sdulake24@slashdot.org', '1959456585', null, 77),
(78, 'Katerina', 'Liddicoat', 'kliddicoat25@eepurl.com', '9764099993', null, 78),
(79, 'Andrey', 'Copper', 'acopper26@creativecommons.org', '7758774925', '9db960aa447ec5905459bb4445d9ca40032637d460a70b145e0aee5cfd6c5c71', 79),
(80, 'Chalmers', 'Kolin', 'ckolin27@goo.gl', '3909321512', '85b448b4197a683f006ace7dab569d9057ec89e7888d6bd94c743e64256a3040', 80),
(81, 'Annabal', 'Johnston', 'ajohnston28@symantec.com', '6007370080', null, 81),
(82, 'Daron', 'Rosa', 'drosa29@ebay.co.uk', '9153168451', 'a69cb316389cf2bdc28e6719a77abf354014e12580284dfad7ee806760b4096d', 82),
(83, 'Nollie', 'Deeth', 'ndeeth2a@imdb.com', '8612855898', null, 83),
(84, 'Baird', 'Sonschein', 'bsonschein2b@sourceforge.net', '5976880143', null, 84),
(85, 'Chev', 'Mattimoe', 'cmattimoe2c@oaic.gov.au', '7999116881', 'a57675cc7d9270adf014b2e02dea5df6c92fdfc0ab754f5392afdbd7f9d0bb4f', 85),
(86, 'Chucho', 'Johanning', 'cjohanning2d@xinhuanet.com', '7046854280', null, 86),
(87, 'Kym', 'Meiklem', 'kmeiklem2e@cloudflare.com', '4683409198', null, 87),
(88, 'Dorelia', 'Sapauton', 'dsapauton2f@washington.edu', '9203740652', null, 88),
(89, 'Amandie', 'Snelle', 'asnelle2g@dell.com', '1994721215', '558a14d9e1316107deb0c6fb67daf8b4ae49642e760b8c76caca4aaef824c091', 89),
(90, 'Ezekiel', 'Redhills', 'eredhills2h@i2i.jp', '3902668519', null, 90),
(91, 'Tansy', 'Gherardi', 'tgherardi2i@furl.net', '8933553468', null, 91),
(92, 'Jeanette', 'Syvret', 'jsyvret2j@hhs.gov', '3045589141', null, 92),
(93, 'Mickie', 'Hardman', 'mhardman2k@cornell.edu', '3299798823', null, 93),
(94, 'Nolie', 'McBrearty', 'nmcbrearty2l@wordpress.org', '4257923673', null, 94),
(95, 'Nissie', 'Holttom', 'nholttom2m@typepad.com', '5197751447', null, 95),
(96, 'Rebe', 'Greson', 'rgreson2n@mtv.com', '4371837305', '19b9f8d015f6fbfe5167b8b9409f5dafdc6bb08ff26e9142386d660d6b94e048', 96),
(97, 'Kerr', 'Tyt', 'ktyt2o@prlog.org', '8291037051', null, 97),
(98, 'Benjy', 'Le Fevre', 'blefevre2p@berkeley.edu', '9582023872', null, 98),
(99, 'Rees', 'Manuelli', 'rmanuelli2q@gmpg.org', '8237863448', null, 99),
(100, 'Ebony', 'Beagin', 'ebeagin2r@skyrock.com', '6422316203', null, 100),
(101, 'Jdavie', 'Hasslocher', 'jhasslocher2s@ucsd.edu', '2206205961', null, 56),
(102, 'Moore', 'Coughtrey', 'mcoughtrey2t@github.io', '4753812830', null, 67),
(103, 'Amata', 'Bulmer', 'abulmer2u@wsj.com', '6055300530', null, 88),
(104, 'Ive', 'Kernermann', 'ikernermann2v@aboutads.info', '8513658284', null, 34);
INSERT INTO public."KEYCAPS" ("ID", "Materiale", "Designer", "Shine_through", "Profilo", "Manufacturer", "Prezzo", "Quantità", "ID_LAYOUT") VALUES
(1, 'PBT', 'qabercromby0', false, 'OEM', 'KAT', 174.94, 503, 9),
(2, 'ABS', 'wdinesen1', true, 'SA', 'Ducky', 200.73, 480, 6),
(3, 'PBT', 'ysnowman2', false, 'CHERRY', 'RAMAWORKS', 196.84, 733, 6),
(4, 'PBT', 'wpetley3', true, 'SA', 'DomyKEY', 54.81, 443, 11),
(5, 'Legno', 'alethcoe4', true, 'SA', 'DomyKEY', 160.27, 443, 10),
(6, 'PBT', 'ahenlon5', true, 'CHERRY', 'KAT', 123.88, 412, 1),
(7, 'PBT', 'kelcott6', false, 'SA', 'GMK', 87.05, 387, 3),
(8, 'PBT', 'rbushe7', false, 'SA', 'RAMAWORKS', 129.75, 559, 10),
(9, 'ABS', 'edenisyuk8', true, 'CHERRY', 'DomyKEY', 224.59, 201, 3),
(10, 'PBT', 'nherrero9', true, 'DSA', 'EnojyPBT', 70.35, 719, 3),
(11, 'ABS', 'hcondiea', true, 'CHERRY', 'NicePBT', 99.69, 510, 5),
(12, 'PBT', 'ksaggsb', true, 'SA', 'Keyreative', 94.9, 617, 8),
(13, 'ABS', 'tantoniakc', true, 'XDA', 'EnojyPBT', 194.35, 511, 5),
(14, 'PBT', 'vvenediktovd', true, 'XDA', 'EnojyPBT', 129.13, 17, 4),
(15, 'ABS', 'esandilande', true, 'XDA', 'TaiHao', 216.86, 763, 3),
(16, 'Alluminio', 'mcuschierif', false, 'SA', 'GMK', 111.31, 671, 7),
(17, 'PBT', 'ssleightholmeg', false, 'DSA', 'Keyreative', 113.81, 528, 3),
(18, 'ABS', 'rwinsomeh', false, 'XDA', 'EnojyPBT', 209.62, 791, 5),
(19, 'ABS', 'nwoakesi', true, 'DSA', 'GMK', 78.04, 425, 12),
(20, 'PBT', 'gfriesj', true, 'CHERRY', 'DomyKEY', 228.82, 416, 8),
(21, 'PBT', 'sdanielssonk', false, 'SA', 'Glorious', 94.57, 307, 10),
(22, 'PBT', 'rhunsworthl', true, 'DSA', 'Ducky', 186.26, 91, 10),
(23, 'Legno', 'vmullingerm', true, 'CHERRY', 'EnojyPBT', 194.25, 624, 6),
(24, 'ABS', 'aiacovon', false, 'SA', 'EnojyPBT', 69.33, 362, 5),
(25, 'ABS', 'whoyso', false, 'SA', 'Ducky', 161.03, 692, 7),
(26, 'Legno', 'ashyresp', true, 'SA', 'DomyKEY', 120.59, 472, 7),
(27, 'ABS', 'bsambalsq', false, 'SA', 'RAMAWORKS', 107.18, 646, 2),
(28, 'ABS', 'nshawr', true, 'DSA', 'RAMAWORKS', 226.95, 339, 10),
(29, 'PBT', 'ymatchells', true, 'DSA', 'KAT', 196.34, 273, 9),
(30, 'ABS', 'cfesbyt', true, 'OEM', 'RAMAWORKS', 154.06, 391, 8),
(31, 'Legno', 'ckitcheru', false, 'XDA', 'Glorious', 175.23, 285, 12),
(32, 'ABS', 'pnelthroppv', true, 'DSA', 'TaiHao', 91.23, 211, 4),
(33, 'PBT', 'dfurtadow', false, 'XDA', 'GMK', 160.27, 670, 12),
(34, 'ABS', 'bclawsonx', true, 'CHERRY', 'Glorious', 199.55, 317, 4),
(35, 'PBT', 'lstonnery', true, 'SA', 'DomyKEY', 178.68, 243, 4),
(36, 'PBT', 'alenouryz', false, 'DSA', 'EnojyPBT', 194.87, 311, 2),
(37, 'Alluminio', 'hruskin10', false, 'DSA', 'Glorious', 238.47, 705, 9),
(38, 'ABS', 'mfandrey11', false, 'XDA', 'NicePBT', 151.7, 400, 2),
(39, 'PBT', 'neakley12', false, 'XDA', 'GMK', 192.18, 259, 2),
(40, 'ABS', 'npott13', true, 'DSA', 'DomyKEY', 65.03, 403, 9),
(41, 'ABS', 'nlambird14', true, 'XDA', 'NicePBT', 220.57, 474, 5),
(42, 'Legno', 'crobarts15', true, 'CHERRY', 'Glorious', 202.91, 232, 11),
(43, 'ABS', 'slippiatt16', false, 'OEM', 'TaiHao', 92.33, 725, 3),
(44, 'Legno', 'agoreisr17', true, 'OEM', 'NicePBT', 103.06, 394, 4),
(45, 'PBT', 'asiely18', true, 'DSA', 'EnojyPBT', 53.3, 687, 10),
(46, 'ABS', 'shuikerby19', false, 'SA', 'Keyreative', 53.07, 201, 5),
(47, 'PBT', 'jluchetti1a', true, 'DSA', 'KAT', 129.07, 527, 4),
(48, 'ABS', 'bivers1b', true, 'DSA', 'Keyreative', 53.37, 454, 9),
(49, 'Alluminio', 'bbodimeade1c', true, 'OEM', 'Keyreative', 56.4, 53, 1),
(50, 'PBT', 'ostelfax1d', true, 'DSA', 'Keyreative', 136.1, 4, 2),
(51, 'PBT', 'wpitblado1e', true, 'CHERRY', 'Keyreative', 70.16, 57, 11),
(52, 'ABS', 'dscola1f', true, 'CHERRY', 'NicePBT', 63.45, 733, 9),
(53, 'ABS', 'gyekel1g', false, 'XDA', 'KAT', 64.9, 527, 11),
(54, 'PBT', 'edecarlo1h', false, 'OEM', 'KAT', 117.91, 589, 12),
(55, 'ABS', 'gshafier1i', true, 'OEM', 'EnojyPBT', 192.88, 378, 12),
(56, 'PBT', 'nsutworth1j', false, 'OEM', 'NicePBT', 170.72, 530, 3),
(57, 'ABS', 'mgrabb1k', true, 'DSA', 'Glorious', 57.6, 243, 5),
(58, 'PBT', 'sgradly1l', false, 'OEM', 'RAMAWORKS', 84.6, 573, 8),
(59, 'ABS', 'phele1m', false, 'DSA', 'Keyreative', 205.17, 18, 10),
(60, 'ABS', 'ddimbylow1n', true, 'CHERRY', 'RAMAWORKS', 62.06, 128, 11),
(61, 'ABS', 'skupis1o', true, 'XDA', 'GMK', 108.6, 215, 10),
(62, 'Legno', 'kfretwell1p', false, 'XDA', 'NicePBT', 144.4, 747, 10),
(63, 'ABS', 'wpetrulis1q', false, 'DSA', 'GMK', 120.86, 443, 1),
(64, 'ABS', 'tmeran1r', true, 'OEM', 'Keyreative', 132.43, 507, 8),
(65, 'ABS', 'ebratty1s', true, 'SA', 'GMK', 147.42, 28, 4),
(66, 'ABS', 'dwilderspoon1t', false, 'CHERRY', 'RAMAWORKS', 228.95, 620, 2),
(67, 'ABS', 'jartinstall1u', true, 'CHERRY', 'Glorious', 136.08, 600, 12),
(68, 'ABS', 'mvarren1v', false, 'XDA', 'DomyKEY', 106.26, 4, 7),
(69, 'PBT', 'mmahy1w', false, 'XDA', 'DomyKEY', 116.28, 300, 12),
(70, 'PBT', 'vgeraghty1x', true, 'CHERRY', 'EnojyPBT', 237.83, 602, 3),
(71, 'PBT', 'ssircombe1y', false, 'DSA', 'NicePBT', 148.69, 443, 8),
(72, 'PBT', 'mmccarroll1z', false, 'DSA', 'NicePBT', 228.5, 151, 8),
(73, 'PBT', 'hwych20', true, 'DSA', 'Keyreative', 202.93, 195, 1),
(74, 'ABS', 'egonthier21', true, 'XDA', 'KAT', 212.43, 696, 2),
(75, 'PBT', 'nhulstrom22', true, 'DSA', 'GMK', 69.82, 361, 12),
(76, 'ABS', 'yfunnell23', true, 'DSA', 'TaiHao', 117.85, 360, 12),
(77, 'PBT', 'smistry24', true, 'XDA', 'DomyKEY', 216.19, 349, 9),
(78, 'PBT', 'cjanc25', false, 'CHERRY', 'TaiHao', 99.33, 689, 1),
(79, 'ABS', 'cramelot26', true, 'DSA', 'GMK', 182.94, 225, 2),
(80, 'PBT', 'nlerhinan27', false, 'SA', 'TaiHao', 103.36, 532, 9),
(81, 'ABS', 'gaspinwall28', true, 'SA', 'Keyreative', 154.64, 148, 10),
(82, 'PBT', 'bbloan29', false, 'XDA', 'Keyreative', 125.12, 320, 8),
(83, 'PBT', 'sknappe2a', false, 'OEM', 'KAT', 69.06, 211, 9),
(84, 'PBT', 'cdeacon2b', false, 'XDA', 'GMK', 165.87, 722, 2),
(85, 'Alluminio', 'htruse2c', true, 'XDA', 'Ducky', 113.74, 69, 12),
(86, 'PBT', 'rblowfelde2d', false, 'SA', 'TaiHao', 238.78, 72, 9),
(87, 'ABS', 'cachromov2e', false, 'CHERRY', 'Glorious', 120.09, 252, 9),
(88, 'PBT', 'lgoudy2f', true, 'DSA', 'Ducky', 231.66, 729, 11),
(89, 'ABS', 'kpittham2g', false, 'SA', 'TaiHao', 153.91, 572, 12),
(90, 'PBT', 'wforsaith2h', true, 'OEM', 'DomyKEY', 109.38, 300, 4),
(91, 'PBT', 'slandman2i', false, 'DSA', 'Ducky', 157.83, 260, 5),
(92, 'ABS', 'ewhightman2j', false, 'DSA', 'Keyreative', 96.31, 795, 8),
(93, 'ABS', 'santonovic2k', false, 'SA', 'TaiHao', 176.57, 92, 7),
(94, 'ABS', 'swestover2l', true, 'CHERRY', 'EnojyPBT', 122.14, 379, 5),
(95, 'PBT', 'londrousek2m', true, 'XDA', 'KAT', 69.25, 746, 3),
(96, 'ABS', 'aannwyl2n', false, 'CHERRY', 'GMK', 51.83, 789, 3),
(97, 'Legno', 'cfoad2o', true, 'SA', 'Ducky', 239.57, 451, 2),
(98, 'PBT', 'schansonne2p', true, 'CHERRY', 'RAMAWORKS', 193.66, 415, 12),
(99, 'ABS', 'dwildes2q', true, 'CHERRY', 'GMK', 91.19, 363, 9),
(100, 'Alluminio', 'esanson2r', true, 'OEM', 'RAMAWORKS', 63.82, 353, 3),
(101, 'PBT', 'ugowlett2s', false, 'XDA', 'EnojyPBT', 208.96, 276, 7),
(102, 'ABS', 'vmackrill2t', false, 'DSA', 'Glorious', 202.0, 110, 10),
(103, 'ABS', 'fklaassens2u', false, 'CHERRY', 'GMK', 157.71, 695, 10),
(104, 'PBT', 'gfilippo2v', false, 'SA', 'GMK', 92.33, 638, 10),
(105, 'PBT', 'emurley2w', true, 'CHERRY', 'Ducky', 151.3, 129, 10),
(106, 'ABS', 'pwaszczykowski2x', true, 'SA', 'RAMAWORKS', 94.28, 215, 4),
(107, 'ABS', 'fquiddington2y', true, 'XDA', 'Glorious', 112.76, 749, 1),
(108, 'ABS', 'sdmitrievski2z', true, 'SA', 'KAT', 115.56, 103, 11),
(109, 'ABS', 'gchaster30', false, 'CHERRY', 'TaiHao', 144.77, 161, 6),
(110, 'PBT', 'averni31', false, 'CHERRY', 'EnojyPBT', 83.37, 712, 7),
(111, 'ABS', 'dhoundesome32', true, 'DSA', 'Ducky', 185.53, 766, 11),
(112, 'PBT', 'lmaile33', false, 'CHERRY', 'EnojyPBT', 88.29, 464, 2),
(113, 'ABS', 'cclappison34', false, 'OEM', 'Keyreative', 75.6, 584, 7),
(114, 'ABS', 'kdeeprose35', false, 'XDA', 'NicePBT', 121.98, 318, 1),
(115, 'ABS', 'breinhardt36', true, 'DSA', 'RAMAWORKS', 198.44, 421, 6),
(116, 'ABS', 'smcnamara37', false, 'SA', 'Keyreative', 176.51, 295, 12),
(117, 'PBT', 'mblaydes38', false, 'XDA', 'DomyKEY', 82.37, 401, 8),
(118, 'PBT', 'crigden39', false, 'CHERRY', 'GMK', 114.87, 318, 12),
(119, 'ABS', 'eleinster3a', false, 'DSA', 'Glorious', 133.64, 255, 8),
(120, 'ABS', 'glade3b', false, 'XDA', 'DomyKEY', 79.35, 490, 10),
(121, 'ABS', 'afrances3c', true, 'CHERRY', 'RAMAWORKS', 51.95, 390, 3),
(122, 'PBT', 'dhartin3d', false, 'CHERRY', 'Ducky', 85.94, 279, 8),
(123, 'PBT', 'alachaize3e', false, 'SA', 'Ducky', 105.81, 38, 1),
(124, 'ABS', 'jshrubshall3f', true, 'CHERRY', 'Keyreative', 169.89, 481, 3),
(125, 'PBT', 'dmetschke3g', false, 'DSA', 'GMK', 60.71, 162, 4),
(126, 'ABS', 'fgleasane3h', false, 'DSA', 'DomyKEY', 189.75, 660, 5),
(127, 'ABS', 'barmit3i', true, 'CHERRY', 'RAMAWORKS', 71.22, 667, 4),
(128, 'ABS', 'ttheis3j', true, 'SA', 'DomyKEY', 215.4, 57, 12),
(129, 'ABS', 'ghattersley3k', false, 'DSA', 'DomyKEY', 58.52, 777, 4),
(130, 'PBT', 'kbuney3l', false, 'DSA', 'TaiHao', 66.24, 788, 9),
(131, 'ABS', 'acheshire3m', false, 'SA', 'NicePBT', 107.21, 546, 7),
(132, 'ABS', 'fwhawell3n', true, 'CHERRY', 'KAT', 138.37, 278, 9),
(133, 'Alluminio', 'epfleger3o', false, 'DSA', 'Keyreative', 113.99, 23, 2),
(134, 'PBT', 'amoorfield3p', false, 'CHERRY', 'KAT', 155.55, 555, 5),
(135, 'ABS', 'apockey3q', true, 'SA', 'Ducky', 94.51, 175, 12),
(136, 'Alluminio', 'tsplain3r', false, 'CHERRY', 'Glorious', 192.92, 731, 5),
(137, 'PBT', 'erycraft3s', true, 'DSA', 'Glorious', 82.99, 424, 12),
(138, 'ABS', 'mgerner3t', false, 'DSA', 'KAT', 126.03, 567, 3),
(139, 'PBT', 'whanfrey3u', false, 'OEM', 'TaiHao', 151.99, 424, 3),
(140, 'PBT', 'stwigger3v', true, 'CHERRY', 'NicePBT', 71.39, 187, 8),
(141, 'Legno', 'hgarza3w', true, 'SA', 'GMK', 210.24, 143, 1),
(142, 'ABS', 'vtynewell3x', false, 'OEM', 'GMK', 215.36, 143, 1),
(143, 'PBT', 'aescalero3y', true, 'XDA', 'TaiHao', 142.55, 459, 1),
(144, 'ABS', 'jclabburn3z', false, 'SA', 'Glorious', 165.46, 674, 11),
(145, 'PBT', 'mblinder40', false, 'DSA', 'Glorious', 210.35, 427, 6),
(146, 'Legno', 'rwallbridge41', false, 'OEM', 'KAT', 117.22, 316, 6),
(147, 'ABS', 'gdanielut42', false, 'XDA', 'KAT', 87.42, 202, 7),
(148, 'ABS', 'lkirkup43', true, 'XDA', 'DomyKEY', 192.31, 392, 10),
(149, 'ABS', 'cfolcarelli44', false, 'XDA', 'NicePBT', 147.22, 747, 10),
(150, 'PBT', 'tbussons45', true, 'CHERRY', 'EnojyPBT', 207.01, 287, 10),
(151, 'PBT', 'pjirzik46', true, 'CHERRY', 'RAMAWORKS', 106.97, 602, 4),
(152, 'PBT', 'kcollens47', false, 'SA', 'KAT', 83.03, 221, 2),
(153, 'ABS', 'jgillet48', false, 'OEM', 'Keyreative', 98.82, 113, 7),
(154, 'ABS', 'nchene49', true, 'SA', 'Ducky', 168.64, 543, 4),
(155, 'ABS', 'fphilliskirk4a', true, 'SA', 'KAT', 118.78, 157, 12),
(156, 'PBT', 'ecrawford4b', false, 'OEM', 'Glorious', 206.67, 221, 8),
(157, 'ABS', 'lhickisson4c', true, 'CHERRY', 'Glorious', 118.78, 232, 9),
(158, 'ABS', 'jhawkslee4d', false, 'OEM', 'TaiHao', 182.47, 88, 5),
(159, 'Alluminio', 'ngerring4e', false, 'SA', 'TaiHao', 152.5, 298, 11),
(160, 'PBT', 'stheuff4f', true, 'SA', 'Ducky', 184.91, 765, 12),
(161, 'PBT', 'cmathonnet4g', false, 'SA', 'RAMAWORKS', 155.59, 27, 10),
(162, 'ABS', 'jreasun4h', true, 'XDA', 'Keyreative', 175.87, 112, 1),
(163, 'Alluminio', 'rroad4i', true, 'DSA', 'GMK', 73.25, 735, 11),
(164, 'PBT', 'dcoard4j', true, 'XDA', 'KAT', 128.29, 475, 9),
(165, 'PBT', 'nmiddle4k', true, 'CHERRY', 'TaiHao', 153.31, 584, 10),
(166, 'ABS', 'byanyshev4l', false, 'OEM', 'TaiHao', 121.27, 127, 7),
(167, 'PBT', 'mdew4m', false, 'XDA', 'DomyKEY', 60.45, 256, 1),
(168, 'PBT', 'ldarthe4n', false, 'SA', 'RAMAWORKS', 212.49, 651, 7),
(169, 'ABS', 'gballard4o', false, 'XDA', 'EnojyPBT', 196.05, 569, 10),
(170, 'PBT', 'aheatlie4p', false, 'SA', 'EnojyPBT', 53.43, 571, 11),
(171, 'ABS', 'amewhirter4q', true, 'DSA', 'Glorious', 183.02, 688, 11),
(172, 'PBT', 'bfiggins4r', true, 'OEM', 'DomyKEY', 134.69, 586, 3),
(173, 'PBT', 'kpoupard4s', true, 'XDA', 'DomyKEY', 56.72, 648, 12),
(174, 'ABS', 'crusted4t', false, 'OEM', 'Ducky', 189.59, 141, 5),
(175, 'PBT', 'msnyder4u', true, 'SA', 'RAMAWORKS', 169.25, 111, 4),
(176, 'PBT', 'wsaer4v', true, 'DSA', 'NicePBT', 211.91, 21, 1),
(177, 'PBT', 'sphizacklea4w', true, 'OEM', 'DomyKEY', 86.67, 355, 10),
(178, 'Alluminio', 'uzack4x', false, 'CHERRY', 'TaiHao', 157.82, 772, 5),
(179, 'ABS', 'khayne4y', true, 'XDA', 'DomyKEY', 114.33, 592, 5),
(180, 'Legno', 'mcrossby4z', false, 'DSA', 'Glorious', 163.84, 741, 10),
(181, 'ABS', 'cdyzart50', false, 'OEM', 'GMK', 119.64, 425, 6),
(182, 'PBT', 'scorlett51', true, 'CHERRY', 'Keyreative', 95.58, 328, 1),
(183, 'ABS', 'dmcaster52', true, 'OEM', 'Glorious', 136.98, 457, 6),
(184, 'PBT', 'rnorcott53', false, 'DSA', 'NicePBT', 171.35, 211, 12),
(185, 'Alluminio', 'ptofanelli54', false, 'OEM', 'DomyKEY', 168.56, 481, 4),
(186, 'ABS', 'ccorwin55', true, 'XDA', 'KAT', 118.66, 431, 10),
(187, 'PBT', 'heltune56', false, 'XDA', 'Ducky', 62.2, 605, 3),
(188, 'ABS', 'waudrey57', true, 'DSA', 'KAT', 159.88, 769, 8),
(189, 'PBT', 'tbroadey58', false, 'XDA', 'GMK', 153.62, 695, 4),
(190, 'ABS', 'gmarcinkowski59', false, 'DSA', 'KAT', 50.15, 619, 11),
(191, 'PBT', 'dburnsyde5a', false, 'DSA', 'KAT', 177.23, 272, 10),
(192, 'PBT', 'edragon5b', false, 'CHERRY', 'EnojyPBT', 134.65, 382, 3),
(193, 'ABS', 'vjoiner5c', false, 'SA', 'EnojyPBT', 120.86, 37, 12),
(194, 'ABS', 'pstudholme5d', false, 'SA', 'KAT', 147.05, 237, 4),
(195, 'PBT', 'laylmore5e', false, 'DSA', 'TaiHao', 101.87, 6, 12),
(196, 'PBT', 'smorlon5f', false, 'XDA', 'EnojyPBT', 61.44, 280, 8),
(197, 'ABS', 'kmennear5g', true, 'OEM', 'Ducky', 119.5, 348, 7),
(198, 'PBT', 'traccio5h', false, 'SA', 'DomyKEY', 157.07, 640, 5),
(199, 'PBT', 'rcannan5i', true, 'OEM', 'EnojyPBT', 181.31, 401, 3),
(200, 'PBT', 'ophateplace5j', true, 'SA', 'EnojyPBT', 113.62, 188, 11),
(201, 'ABS', 'ggoodwyn5k', true, 'SA', 'RAMAWORKS', 135.52, 551, 5),
(202, 'Legno', 'spyser5l', false, 'OEM', 'Ducky', 215.03, 504, 4),
(203, 'PBT', 'lcoulling5m', false, 'XDA', 'EnojyPBT', 170.31, 32, 7),
(204, 'ABS', 'bbritch5n', true, 'SA', 'Keyreative', 107.5, 81, 2),
(205, 'ABS', 'jbushrod5o', true, 'XDA', 'TaiHao', 202.21, 318, 8),
(206, 'PBT', 'bhellard5p', true, 'DSA', 'RAMAWORKS', 90.73, 270, 10),
(207, 'ABS', 'rdeignan5q', true, 'DSA', 'Keyreative', 209.91, 163, 11),
(208, 'PBT', 'ssmales5r', false, 'CHERRY', 'NicePBT', 50.36, 686, 1),
(209, 'ABS', 'rfutty5s', false, 'OEM', 'EnojyPBT', 147.29, 794, 8),
(210, 'ABS', 'ikobera5t', true, 'CHERRY', 'DomyKEY', 147.53, 632, 11),
(211, 'PBT', 'sbrewster5u', false, 'DSA', 'Keyreative', 156.13, 678, 6),
(212, 'PBT', 'mfarlham5v', false, 'DSA', 'Keyreative', 84.67, 592, 4),
(213, 'ABS', 'acolvin5w', true, 'DSA', 'Keyreative', 72.1, 743, 10),
(214, 'ABS', 'crevening5x', false, 'XDA', 'Ducky', 82.98, 226, 11),
(215, 'ABS', 'dmcmanamen5y', true, 'SA', 'EnojyPBT', 147.49, 514, 7),
(216, 'ABS', 'rblue5z', false, 'SA', 'Glorious', 66.16, 28, 10),
(217, 'ABS', 'vmcclelland60', true, 'SA', 'EnojyPBT', 210.89, 367, 4),
(218, 'PBT', 'ccawt61', true, 'XDA', 'Ducky', 203.36, 550, 9),
(219, 'PBT', 'eculver62', false, 'DSA', 'DomyKEY', 83.47, 290, 2),
(220, 'ABS', 'wwhittam63', false, 'OEM', 'Keyreative', 217.63, 513, 8),
(221, 'ABS', 'cjados64', false, 'DSA', 'KAT', 139.5, 647, 6),
(222, 'PBT', 'edavids65', false, 'OEM', 'NicePBT', 180.88, 287, 11),
(223, 'PBT', 'vmease66', false, 'DSA', 'KAT', 195.23, 525, 2),
(224, 'ABS', 'agypps67', true, 'XDA', 'NicePBT', 177.78, 150, 11),
(225, 'PBT', 'tburgoine68', true, 'CHERRY', 'KAT', 207.6, 592, 9),
(226, 'PBT', 'sbakster69', false, 'OEM', 'GMK', 50.48, 44, 5),
(227, 'PBT', 'cguinnane6a', true, 'SA', 'EnojyPBT', 214.14, 608, 9),
(228, 'Legno', 'abrunnstein6b', true, 'DSA', 'Glorious', 93.52, 125, 4),
(229, 'ABS', 'dblakesley6c', true, 'CHERRY', 'Glorious', 52.12, 559, 4),
(230, 'PBT', 'oboggon6d', false, 'XDA', 'EnojyPBT', 205.68, 787, 6),
(231, 'Alluminio', 'bcrace6e', true, 'DSA', 'DomyKEY', 84.01, 7, 3),
(232, 'PBT', 'peschalotte6f', true, 'DSA', 'DomyKEY', 95.71, 661, 9),
(233, 'PBT', 'swinckles6g', true, 'XDA', 'RAMAWORKS', 78.31, 388, 7),
(234, 'PBT', 'scaffin6h', false, 'XDA', 'TaiHao', 217.03, 310, 1),
(235, 'Alluminio', 'kgioani6i', false, 'CHERRY', 'TaiHao', 176.96, 240, 7),
(236, 'ABS', 'fcornelisse6j', true, 'CHERRY', 'RAMAWORKS', 145.49, 688, 12),
(237, 'ABS', 'dnelm6k', true, 'CHERRY', 'KAT', 122.64, 343, 12),
(238, 'ABS', 'gfortnam6l', true, 'SA', 'NicePBT', 143.95, 260, 6),
(239, 'ABS', 'kglenwright6m', false, 'OEM', 'TaiHao', 51.11, 401, 4),
(240, 'PBT', 'sselesnick6n', false, 'CHERRY', 'EnojyPBT', 216.64, 403, 12),
(241, 'PBT', 'sdunn6o', true, 'CHERRY', 'KAT', 156.59, 377, 4),
(242, 'PBT', 'vlovie6p', true, 'OEM', 'Keyreative', 188.06, 738, 2),
(243, 'ABS', 'fonslow6q', true, 'DSA', 'Keyreative', 178.95, 138, 5),
(244, 'PBT', 'vdeas6r', false, 'XDA', 'EnojyPBT', 88.52, 571, 7),
(245, 'ABS', 'rhebdon6s', false, 'SA', 'GMK', 177.18, 85, 3),
(246, 'PBT', 'kvedenyakin6t', false, 'CHERRY', 'GMK', 198.15, 719, 1),
(247, 'PBT', 'mjesteco6u', false, 'SA', 'Glorious', 51.4, 124, 8),
(248, 'ABS', 'rbudibent6v', false, 'DSA', 'KAT', 130.29, 133, 2),
(249, 'Alluminio', 'echisolm6w', true, 'DSA', 'GMK', 55.7, 711, 10),
(250, 'ABS', 'rezzy6x', false, 'XDA', 'Keyreative', 98.01, 166, 10),
(251, 'ABS', 'ppawfoot6y', true, 'OEM', 'DomyKEY', 73.65, 587, 7),
(252, 'PBT', 'cbeardsley6z', false, 'SA', 'Glorious', 197.1, 301, 8),
(253, 'PBT', 'wkanwell70', true, 'XDA', 'KAT', 204.6, 542, 2),
(254, 'PBT', 'citzchaki71', false, 'CHERRY', 'DomyKEY', 64.25, 188, 2),
(255, 'PBT', 'tsabathier72', true, 'DSA', 'EnojyPBT', 167.88, 789, 10),
(256, 'ABS', 'mdriscoll73', true, 'SA', 'Keyreative', 87.59, 281, 10),
(257, 'ABS', 'ltolchard74', true, 'SA', 'TaiHao', 71.6, 470, 12),
(258, 'ABS', 'glinfield75', true, 'CHERRY', 'TaiHao', 103.96, 626, 12),
(259, 'ABS', 'adownes76', true, 'OEM', 'Keyreative', 132.9, 743, 8),
(260, 'ABS', 'ebeaby77', false, 'SA', 'Ducky', 100.56, 22, 5),
(261, 'PBT', 'kmoret78', true, 'OEM', 'DomyKEY', 214.33, 167, 8),
(262, 'ABS', 'nellsworthe79', true, 'SA', 'EnojyPBT', 106.71, 512, 3),
(263, 'ABS', 'mfranzonello7a', false, 'OEM', 'Glorious', 168.37, 436, 3),
(264, 'PBT', 'akynd7b', false, 'DSA', 'Glorious', 196.67, 780, 1),
(265, 'PBT', 'krames7c', true, 'XDA', 'DomyKEY', 118.43, 750, 9),
(266, 'Alluminio', 'jswalough7d', true, 'XDA', 'RAMAWORKS', 209.92, 757, 11),
(267, 'ABS', 'kspeere7e', true, 'DSA', 'GMK', 61.92, 300, 3),
(268, 'PBT', 'eswindon7f', true, 'XDA', 'Glorious', 81.29, 540, 6),
(269, 'ABS', 'hroaf7g', false, 'SA', 'Keyreative', 204.87, 199, 2),
(270, 'ABS', 'jconor7h', true, 'XDA', 'GMK', 80.77, 491, 2),
(271, 'ABS', 'lslatford7i', false, 'SA', 'DomyKEY', 140.74, 106, 4),
(272, 'Alluminio', 'hrollings7j', false, 'SA', 'RAMAWORKS', 54.94, 403, 11),
(273, 'ABS', 'atraylen7k', true, 'DSA', 'NicePBT', 101.52, 573, 6),
(274, 'ABS', 'voulett7l', true, 'SA', 'EnojyPBT', 111.0, 514, 3),
(275, 'ABS', 'ghumes7m', false, 'XDA', 'TaiHao', 115.21, 359, 4),
(276, 'PBT', 'rcaspell7n', false, 'XDA', 'NicePBT', 131.96, 796, 4),
(277, 'PBT', 'ftappington7o', false, 'SA', 'KAT', 126.33, 62, 2),
(278, 'PBT', 'ptoseland7p', true, 'OEM', 'Keyreative', 191.38, 259, 8),
(279, 'PBT', 'bwheelton7q', true, 'CHERRY', 'DomyKEY', 183.4, 492, 1),
(280, 'PBT', 'jdrysdale7r', true, 'DSA', 'RAMAWORKS', 127.63, 331, 3),
(281, 'PBT', 'krozsa7s', false, 'DSA', 'Glorious', 182.28, 261, 11),
(282, 'PBT', 'miwanczyk7t', false, 'OEM', 'KAT', 96.63, 782, 12),
(283, 'PBT', 'rcoverly7u', false, 'CHERRY', 'TaiHao', 167.04, 561, 11),
(284, 'PBT', 'arubinfeld7v', false, 'DSA', 'DomyKEY', 124.93, 498, 1),
(285, 'ABS', 'ecleveland7w', false, 'OEM', 'EnojyPBT', 107.21, 170, 4),
(286, 'PBT', 'kcropper7x', true, 'SA', 'TaiHao', 129.32, 155, 4),
(287, 'ABS', 'dpawelek7y', false, 'OEM', 'RAMAWORKS', 210.51, 543, 1),
(288, 'PBT', 'jpracy7z', false, 'XDA', 'Keyreative', 57.96, 407, 6),
(289, 'PBT', 'rgermaine80', true, 'CHERRY', 'Keyreative', 177.57, 41, 12),
(290, 'PBT', 'hcrabtree81', false, 'SA', 'Ducky', 199.56, 236, 6),
(291, 'PBT', 'bjindacek82', true, 'SA', 'EnojyPBT', 161.39, 172, 9),
(292, 'ABS', 'cbullan83', false, 'DSA', 'RAMAWORKS', 83.03, 711, 10),
(293, 'PBT', 'kteague84', true, 'OEM', 'RAMAWORKS', 65.88, 494, 9),
(294, 'PBT', 'vcacacie85', true, 'CHERRY', 'GMK', 198.66, 626, 10),
(295, 'PBT', 'apochin86', true, 'DSA', 'KAT', 153.3, 101, 1),
(296, 'ABS', 'gbarenski87', true, 'SA', 'Ducky', 104.58, 78, 1),
(297, 'ABS', 'amillins88', false, 'OEM', 'GMK', 200.01, 687, 7),
(298, 'PBT', 'jkinker89', true, 'XDA', 'TaiHao', 152.8, 39, 4),
(299, 'PBT', 'jmcowan8a', true, 'CHERRY', 'KAT', 174.52, 690, 5),
(300, 'ABS', 'cdoley8b', false, 'DSA', 'Ducky', 123.33, 480, 1),
(301, 'ABS', 'fgutowska8c', false, 'DSA', 'KAT', 105.23, 387, 9),
(302, 'PBT', 'kboness8d', true, 'CHERRY', 'Glorious', 126.07, 695, 12),
(303, 'ABS', 'mhousegoe8e', false, 'XDA', 'Glorious', 182.06, 725, 9),
(304, 'PBT', 'nbilverstone8f', true, 'DSA', 'Ducky', 159.23, 617, 6),
(305, 'ABS', 'olathwell8g', true, 'SA', 'EnojyPBT', 213.18, 384, 11),
(306, 'ABS', 'cpoon8h', true, 'XDA', 'Keyreative', 93.04, 462, 3),
(307, 'PBT', 'acornner8i', false, 'CHERRY', 'NicePBT', 170.9, 292, 10),
(308, 'PBT', 'jfigin8j', true, 'CHERRY', 'RAMAWORKS', 61.65, 401, 2),
(309, 'PBT', 'mtrobridge8k', false, 'CHERRY', 'Glorious', 173.09, 676, 4),
(310, 'PBT', 'jebbin8l', false, 'XDA', 'NicePBT', 203.66, 432, 4),
(311, 'PBT', 'adunbleton8m', true, 'SA', 'KAT', 131.61, 366, 12),
(312, 'PBT', 'gcolcomb8n', true, 'CHERRY', 'Ducky', 184.13, 76, 12),
(313, 'PBT', 'fcuthbertson8o', true, 'CHERRY', 'Keyreative', 191.94, 313, 8),
(314, 'ABS', 'rbrockley8p', false, 'CHERRY', 'Ducky', 124.47, 144, 7),
(315, 'ABS', 'ehugonneau8q', false, 'SA', 'DomyKEY', 166.33, 316, 8),
(316, 'PBT', 'aboner8r', true, 'XDA', 'Ducky', 76.33, 206, 9),
(317, 'Alluminio', 'bbroschke8s', false, 'XDA', 'RAMAWORKS', 185.53, 44, 9),
(318, 'PBT', 'rcasely8t', false, 'SA', 'Keyreative', 88.98, 355, 12),
(319, 'PBT', 'esumnall8u', false, 'XDA', 'GMK', 120.09, 725, 8),
(320, 'ABS', 'srasch8v', false, 'OEM', 'TaiHao', 208.75, 717, 6),
(321, 'ABS', 'acousins8w', false, 'XDA', 'KAT', 124.54, 709, 11),
(322, 'ABS', 'kellit8x', true, 'XDA', 'Glorious', 75.86, 448, 11),
(323, 'ABS', 'mdewis8y', false, 'CHERRY', 'GMK', 150.99, 227, 12),
(324, 'ABS', 'jjado8z', false, 'SA', 'KAT', 154.03, 410, 9),
(325, 'ABS', 'rbragg90', false, 'XDA', 'KAT', 140.21, 99, 12),
(326, 'PBT', 'icossons91', true, 'OEM', 'NicePBT', 96.35, 50, 12),
(327, 'PBT', 'dplaxton92', false, 'XDA', 'DomyKEY', 99.66, 660, 6),
(328, 'PBT', 'givashev93', false, 'CHERRY', 'NicePBT', 129.24, 580, 12),
(329, 'Alluminio', 'jansteys94', true, 'CHERRY', 'EnojyPBT', 75.28, 559, 9),
(330, 'PBT', 'pconti95', true, 'CHERRY', 'TaiHao', 117.16, 337, 9),
(331, 'Alluminio', 'aabrami96', false, 'CHERRY', 'Keyreative', 103.73, 594, 5),
(332, 'ABS', 'khollington97', false, 'DSA', 'Ducky', 204.8, 638, 8),
(333, 'Alluminio', 'geichmann98', false, 'CHERRY', 'GMK', 71.93, 12, 8),
(334, 'PBT', 'mmiettinen99', false, 'DSA', 'TaiHao', 115.64, 252, 12),
(335, 'PBT', 'gdodswell9a', false, 'OEM', 'EnojyPBT', 210.48, 296, 5),
(336, 'PBT', 'dscurfield9b', false, 'OEM', 'EnojyPBT', 204.11, 197, 2),
(337, 'ABS', 'ihardwell9c', false, 'DSA', 'KAT', 149.14, 661, 10),
(338, 'PBT', 'dgerbi9d', true, 'SA', 'EnojyPBT', 189.82, 587, 12),
(339, 'PBT', 'mbown9e', false, 'OEM', 'DomyKEY', 101.63, 430, 6),
(340, 'ABS', 'nmicheli9f', true, 'OEM', 'DomyKEY', 135.4, 683, 11),
(341, 'PBT', 'jdefrancisci9g', true, 'SA', 'DomyKEY', 191.57, 128, 11),
(342, 'PBT', 'ljoskovitch9h', false, 'OEM', 'DomyKEY', 53.95, 16, 7),
(343, 'ABS', 'rsutherden9i', false, 'OEM', 'KAT', 169.7, 756, 2);
INSERT INTO public."PCB" ("ID", "Pin_number", "Manufacturer", "Ports", "Hotswappable",  "Retroilluminazione", "Prezzo", "Quantità", "Capacità_batteria", "ID_LAYOUT") VALUES
(1, 5, 'Carpe', 'thunderbolt', true, false, 169.3, 108, null, 2),
(2, 3, 'Pizza', 'PS/2', false, true, 153.94, 39, null, 3),
(3, 5, 'Pizza', 'type a', true, true, 113.07, 41, null, 7),
(4, 5, 'Pizza', 'thunderbolt', false, true, 134.04, 124, null, 7),
(5, 3, 'ErgoDox', 'microusb', false, false, 160.22, 32, 1600, 9),
(6, 5, 'Phantom', 'PS/2', true, true, 136.68, 58, 1200, 9),
(7, 5, 'KBDfans', 'PS/2', false, false, 65.35, 103, null, 6),
(8, 3, 'GMMK', 'type c', false, true, 61.68, 125, 1800, 5),
(9, 3, 'KBDfans', 'type c', true, true, 172.49, 130, null, 2),
(10, 3, 'Pizza', 'type c', true, false, 136.4, 74, null, 10),
(11, 3, 'KBDfans', 'microusb', false, true, 81.87, 30, null, 11),
(12, 3, 'Pizza', 'thunderbolt', true, false, 158.25, 14, null, 1),
(13, 3, 'Carpe', 'thunderbolt', true, false, 78.03, 20, null, 1),
(14, 5, 'Phantom', 'type a', false, false, 211.16, 14, null, 3),
(15, 5, 'Planck', 'type a', false, true, 51.87, 110, null, 12),
(16, 5, 'KBDfans', 'thunderbolt', false, true, 128.35, 110, null, 6),
(17, 5, 'GMMK', 'type a', false, true, 152.99, 31, null, 2),
(18, 5, 'MK61', 'thunderbolt', true, true, 119.35, 127, 2000, 6),
(19, 3, 'MK61', 'type c', true, true, 270.94, 120, null, 7),
(20, 5, 'KBDfans', 'type c', true, true, 258.38, 119, null, 9),
(21, 5, 'FaceW', 'PS/2', false, false, 316.32, 82, null, 2),
(22, 5, 'GMMK', 'thunderbolt', false, false, 44.55, 33, 1800, 7),
(23, 5, 'GMMK', 'thunderbolt', false, false, 239.98, 117, null, 4),
(24, 3, 'Phantom', 'microusb', true, true, 102.79, 128, null, 5),
(25, 5, 'ErgoDox', 'PS/2', false, true, 55.67, 52, null, 8),
(26, 5, 'ErgoDox', 'type a', true, true, 119.87, 124, null, 12),
(27, 5, 'Pizza', 'type c', true, false, 271.42, 29, null, 5),
(28, 3, 'GMMK', 'microusb', true, false, 228.36, 108, null, 7),
(29, 3, 'Carpe', 'type c', false, false, 142.73, 34, null, 9),
(30, 3, 'Phantom', 'microusb', true, true, 191.81, 18, null, 10),
(31, 3, 'Carpe', 'microusb', false, true, 211.92, 27, null, 4),
(32, 5, 'MK61', 'type a', true, true, 108.01, 71, null, 7),
(33, 3, 'Carpe', 'type c', false, true, 181.52, 115, null, 7),
(34, 3, 'FaceW', 'thunderbolt', true, false, 129.36, 84, 1600, 8),
(35, 3, 'Carpe', 'microusb', false, true, 315.44, 89, null, 2),
(36, 3, 'KBDfans', 'type a', false, false, 198.89, 18, null, 12),
(37, 3, 'Pizza', 'type c', false, true, 159.96, 118, null, 8),
(38, 3, 'Planck', 'microusb', false, false, 212.54, 111, 600, 1),
(39, 5, 'MK61', 'thunderbolt', false, true, 180.09, 41, null, 10),
(40, 3, 'Phantom', 'PS/2', false, true, 121.71, 123, 2000, 11),
(41, 5, 'Carpe', 'PS/2', false, false, 237.01, 50, 1000, 2),
(42, 5, 'MK61', 'type a', true, true, 187.4, 25, 1300, 5),
(43, 5, 'Pizza', 'type a', true, true, 127.59, 106, null, 4),
(44, 5, 'MK61', 'microusb', false, false, 75.13, 108, null, 5),
(45, 3, 'Carpe', 'thunderbolt', true, false, 192.35, 49, null, 2),
(46, 5, 'Phantom', 'microusb', false, true, 145.13, 77, null, 7),
(47, 5, 'Pizza', 'PS/2', true, false, 260.27, 113, null, 10);
INSERT INTO public."SWITCH" ("ID", "Colore", "Actuation_force", "Transparenza", "Led_facing", "Silent", "Pin_number", "Manufacturer", "Actuation_type", "Prezzo") VALUES
(1, 'yellow', 48, false, 'north', 'false', 5, 'Kono', 'Linear', 0.89),
(2, 'black', 74, false, 'north', 'false', 5, 'JWK', 'Linear', 0.65),
(3, 'black', 29, true, 'south', 'false', 3, 'Tecsee', 'Linear', 0.71),
(4, 'black', 72, true, 'south', 'true', 3, 'Everglide', 'Linear', 0.59),
(5, 'blue', 79, false, 'south', 'false', 5, 'EPOMAKER', 'Clicky', 0.77),
(6, 'yellow', 29, false, 'north', 'false', 5, 'EPOMAKER', 'Linear', 0.63),
(7, 'blue', 71, true, 'south', 'false', 3, 'Cannonkeys', 'Clicky', 0.6),
(8, 'blue', 35, true, 'north', 'false', 3, 'Kono', 'Clicky', 0.28),
(9, 'black', 60, true, 'south', 'true', 3, 'Tecsee', 'Linear', 0.71),
(10, 'yellow', 63, false, 'north', 'false', 5, 'KTT', 'Linear', 0.78),
(11, 'brown', 68, false, 'north', 'false', 3, 'Kailh', 'Tactile', 0.54),
(12, 'blue', 30, false, 'south', 'false', 5, 'Everglide', 'Clicky', 0.61),
(13, 'red', 80, true, 'south', 'true', 3, 'KTT', 'Linear', 0.63),
(14, 'brown', 69, true, 'south', 'false', 3, 'KTT', 'Tactile', 0.57),
(15, 'red', 71, true, 'south', 'false', 3, 'Kailh', 'Linear', 0.3),
(16, 'black', 51, true, 'north', 'false', 5, 'Kono', 'Linear', 0.53),
(17, 'black', 48, true, 'south', 'true', 3, 'Kono', 'Linear', 0.63),
(18, 'silver', 69, true, 'north', 'true', 3, 'Glorious', 'Linear', 0.57),
(19, 'yellow', 69, true, 'north', 'false', 3, 'Tecsee', 'Linear', 0.29),
(20, 'silver', 40, true, 'north', 'true', 3, 'Kailh', 'Linear', 0.54),
(21, 'brown', 74, true, 'north', 'false', 3, 'Kono', 'Tactile', 0.26),
(22, 'silver', 50, true, 'south', 'true', 5, 'KTT', 'Linear', 0.75),
(23, 'brown', 78, false, 'south', 'false', 5, 'KTT', 'Tactile', 0.44),
(24, 'blue', 74, false, 'north', 'false', 3, 'Kailh', 'Clicky', 0.38),
(25, 'red', 64, true, 'south', 'false', 5, 'EPOMAKER', 'Linear', 0.23),
(26, 'brown', 84, false, 'north', 'false', 5, 'Durock', 'Tactile', 0.5),
(27, 'blue', 40, true, 'south', 'false', 3, 'Glorious', 'Clicky', 0.77),
(28, 'silver', 34, false, 'south', 'true', 3, 'AKKO', 'Linear', 0.37),
(29, 'red', 51, false, 'south', 'true', 3, 'gateron', 'Linear', 0.32),
(30, 'blue', 69, false, 'south', 'false', 5, 'Tungsten', 'Clicky', 0.39),
(31, 'red', 41, false, 'north', 'true', 5, 'Kono', 'Linear', 0.44),
(32, 'yellow', 38, true, 'north', 'false', 5, 'KTT', 'Linear', 0.45),
(33, 'red', 50, false, 'south', 'false', 5, 'Kono', 'Linear', 0.64),
(34, 'yellow', 66, true, 'north', 'false', 5, 'Everglide', 'Linear', 0.58),
(35, 'brown', 56, false, 'south', 'false', 5, 'Tecsee', 'Tactile', 0.31),
(36, 'blue', 31, false, 'north', 'false', 5, 'Everglide', 'Clicky', 0.23),
(37, 'yellow', 29, false, 'south', 'false', 5, 'JWK', 'Linear', 0.75),
(38, 'silver', 56, true, 'south', 'false', 5, 'JWK', 'Linear', 0.35),
(39, 'brown', 62, true, 'south', 'false', 3, 'Tungsten', 'Tactile', 0.72),
(40, 'silver', 82, true, 'south', 'false', 5, 'Everglide', 'Linear', 0.64),
(41, 'red', 51, true, 'north', 'true', 3, 'gateron', 'Linear', 0.28),
(42, 'red', 27, false, 'south', 'true', 3, 'Kono', 'Linear', 0.48),
(43, 'black', 47, false, 'north', 'true', 3, 'gateron', 'Linear', 0.59),
(44, 'blue', 65, true, 'south', 'false', 5, 'C3equalz', 'Clicky', 0.23),
(45, 'brown', 20, false, 'south', 'false', 3, 'AKKO', 'Tactile', 0.7),
(46, 'red', 31, true, 'north', 'false', 3, 'Durock', 'Linear', 0.86),
(47, 'yellow', 84, false, 'north', 'false', 3, 'C3equalz', 'Linear', 0.63),
(48, 'brown', 51, false, 'south', 'false', 3, 'AKKO', 'Tactile', 0.89),
(49, 'silver', 34, false, 'south', 'true', 5, 'Everglide', 'Linear', 0.2),
(50, 'black', 80, true, 'south', 'false', 5, 'gateron', 'Linear', 0.9),
(51, 'yellow', 82, false, 'north', 'false', 3, 'Everglide', 'Linear', 0.5),
(52, 'blue', 22, true, 'north', 'false', 5, 'Everglide', 'Clicky', 0.47),
(53, 'black', 49, false, 'north', 'true', 5, 'JWK', 'Linear', 0.76),
(54, 'red', 30, true, 'south', 'false', 3, 'Kailh', 'Linear', 0.37),
(55, 'yellow', 57, true, 'north', 'false', 5, 'Kono', 'Linear', 0.47),
(56, 'red', 37, false, 'south', 'false', 5, 'Kailh', 'Linear', 0.69),
(57, 'red', 20, false, 'north', 'true', 3, 'Kailh', 'Linear', 0.38),
(58, 'brown', 36, false, 'north', 'false', 5, 'Everglide', 'Tactile', 0.55),
(59, 'brown', 63, true, 'north', 'false', 3, 'Cannonkeys', 'Tactile', 0.84),
(60, 'yellow', 83, true, 'south', 'false', 5, 'KTT', 'Linear', 0.69),
(61, 'red', 78, false, 'south', 'false', 3, 'Kono', 'Linear', 0.37),
(62, 'brown', 42, true, 'north', 'false', 5, 'Tungsten', 'Tactile', 0.8),
(63, 'red', 34, false, 'north', 'true', 5, 'EPOMAKER', 'Linear', 0.42),
(64, 'red', 76, true, 'south', 'true', 3, 'gateron', 'Linear', 0.8),
(65, 'black', 77, false, 'south', 'false', 3, 'AKKO', 'Linear', 0.21),
(66, 'yellow', 40, true, 'south', 'false', 3, 'Durock', 'Linear', 0.74),
(67, 'silver', 26, false, 'south', 'true', 3, 'Cherry MX', 'Linear', 0.26),
(68, 'brown', 28, false, 'north', 'false', 5, 'Cannonkeys', 'Tactile', 0.38),
(69, 'yellow', 41, false, 'north', 'false', 3, 'EPOMAKER', 'Linear', 0.75),
(70, 'brown', 79, false, 'north', 'false', 3, 'protoTypist', 'Tactile', 0.21),
(71, 'black', 31, false, 'south', 'false', 3, 'gateron', 'Linear', 0.8),
(72, 'silver', 43, true, 'north', 'true', 3, 'Glorious', 'Linear', 0.34),
(73, 'black', 65, false, 'north', 'true', 5, 'Durock', 'Linear', 0.51),
(74, 'silver', 47, true, 'south', 'true', 5, 'EPOMAKER', 'Linear', 0.51),
(75, 'black', 34, false, 'north', 'false', 5, 'C3equalz', 'Linear', 0.7),
(76, 'silver', 38, true, 'south', 'true', 3, 'Cannonkeys', 'Linear', 0.88),
(77, 'red', 22, false, 'north', 'false', 5, 'Tecsee', 'Linear', 0.46),
(78, 'black', 85, true, 'north', 'true', 5, 'Kailh', 'Linear', 0.85),
(79, 'brown', 67, true, 'north', 'false', 5, 'Cherry MX', 'Tactile', 0.78),
(80, 'silver', 27, false, 'south', 'true', 5, 'protoTypist', 'Linear', 0.89),
(81, 'black', 73, false, 'south', 'false', 5, 'KTT', 'Linear', 0.58),
(82, 'brown', 59, true, 'north', 'false', 3, 'Kono', 'Tactile', 0.79),
(83, 'red', 64, true, 'south', 'true', 5, 'Cannonkeys', 'Linear', 0.32),
(84, 'yellow', 81, true, 'south', 'false', 3, 'Tecsee', 'Linear', 0.76),
(85, 'blue', 68, true, 'north', 'false', 3, 'Tecsee', 'Clicky', 0.32),
(86, 'brown', 69, false, 'north', 'false', 3, 'gateron', 'Tactile', 0.38),
(87, 'black', 68, false, 'south', 'true', 5, 'Everglide', 'Linear', 0.41),
(88, 'blue', 60, true, 'north', 'false', 5, 'Kono', 'Clicky', 0.38),
(89, 'silver', 22, false, 'south', 'false', 5, 'Everglide', 'Linear', 0.54),
(90, 'black', 34, false, 'south', 'false', 5, 'Cherry MX', 'Linear', 0.84),
(91, 'brown', 66, true, 'north', 'false', 3, 'C3equalz', 'Tactile', 0.34),
(92, 'yellow', 78, true, 'north', 'false', 3, 'KTT', 'Linear', 0.77),
(93, 'yellow', 66, true, 'south', 'false', 5, 'C3equalz', 'Linear', 0.38),
(94, 'black', 64, false, 'south', 'true', 3, 'Glorious', 'Linear', 0.73),
(95, 'red', 59, true, 'north', 'false', 3, 'JWK', 'Linear', 0.47),
(96, 'red', 65, true, 'south', 'true', 3, 'Tungsten', 'Linear', 0.48),
(97, 'blue', 67, true, 'south', 'false', 3, 'Durock', 'Clicky', 0.69),
(98, 'yellow', 33, false, 'north', 'false', 5, 'EPOMAKER', 'Linear', 0.64),
(99, 'red', 47, true, 'north', 'true', 3, 'protoTypist', 'Linear', 0.71),
(100, 'blue', 49, false, 'north', 'false', 3, 'Cherry MX', 'Clicky', 0.78),
(101, 'black', 79, true, 'north', 'false', 5, 'Tecsee', 'Linear', 0.36),
(102, 'brown', 81, true, 'north', 'false', 5, 'EPOMAKER', 'Tactile', 0.27),
(103, 'red', 31, false, 'south', 'true', 3, 'EPOMAKER', 'Linear', 0.43),
(104, 'blue', 44, true, 'north', 'false', 5, 'Glorious', 'Clicky', 0.6),
(105, 'red', 31, false, 'south', 'true', 3, 'Tungsten', 'Linear', 0.53),
(106, 'silver', 65, true, 'south', 'false', 3, 'gateron', 'Linear', 0.26),
(107, 'yellow', 36, false, 'north', 'false', 3, 'Tungsten', 'Linear', 0.79),
(108, 'brown', 79, false, 'north', 'false', 5, 'gateron', 'Tactile', 0.52),
(109, 'yellow', 43, false, 'north', 'false', 3, 'JWK', 'Linear', 0.24),
(110, 'black', 32, false, 'north', 'true', 3, 'Everglide', 'Linear', 0.26),
(111, 'silver', 35, false, 'south', 'false', 5, 'Glorious', 'Linear', 0.53),
(112, 'red', 74, true, 'north', 'true', 3, 'Tungsten', 'Linear', 0.89),
(113, 'blue', 40, true, 'north', 'false', 5, 'EPOMAKER', 'Clicky', 0.26),
(114, 'blue', 65, false, 'north', 'false', 5, 'KTT', 'Clicky', 0.77),
(115, 'brown', 54, false, 'south', 'false', 3, 'Kailh', 'Tactile', 0.77),
(116, 'black', 54, true, 'south', 'true', 5, 'KTT', 'Linear', 0.44),
(117, 'red', 47, true, 'south', 'true', 5, 'Glorious', 'Linear', 0.6),
(118, 'blue', 33, false, 'south', 'false', 3, 'Cannonkeys', 'Clicky', 0.72),
(119, 'brown', 32, true, 'south', 'false', 3, 'gateron', 'Tactile', 0.47),
(120, 'yellow', 78, true, 'north', 'false', 5, 'Everglide', 'Linear', 0.37),
(121, 'black', 64, true, 'north', 'true', 3, 'EPOMAKER', 'Linear', 0.76),
(122, 'black', 27, false, 'south', 'false', 3, 'EPOMAKER', 'Linear', 0.59),
(123, 'brown', 70, false, 'south', 'false', 5, 'JWK', 'Tactile', 0.39),
(124, 'brown', 26, true, 'north', 'false', 5, 'KTT', 'Tactile', 0.63),
(125, 'black', 75, true, 'south', 'false', 5, 'AKKO', 'Linear', 0.57),
(126, 'silver', 72, true, 'south', 'true', 5, 'JWK', 'Linear', 0.42),
(127, 'red', 67, false, 'north', 'true', 3, 'Tungsten', 'Linear', 0.48),
(128, 'brown', 80, true, 'north', 'false', 3, 'C3equalz', 'Tactile', 0.37),
(129, 'yellow', 38, true, 'north', 'false', 5, 'KTT', 'Linear', 0.76),
(130, 'blue', 20, true, 'north', 'false', 3, 'Tungsten', 'Clicky', 0.35),
(131, 'silver', 35, false, 'north', 'true', 3, 'Kono', 'Linear', 0.89),
(132, 'brown', 58, false, 'north', 'false', 5, 'JWK', 'Tactile', 0.22),
(133, 'blue', 64, false, 'north', 'false', 3, 'JWK', 'Clicky', 0.88),
(134, 'silver', 60, true, 'south', 'true', 5, 'KTT', 'Linear', 0.87),
(135, 'red', 35, false, 'south', 'false', 3, 'C3equalz', 'Linear', 0.82),
(136, 'red', 85, false, 'south', 'true', 3, 'KTT', 'Linear', 0.83),
(137, 'red', 75, true, 'south', 'true', 5, 'C3equalz', 'Linear', 0.21),
(138, 'blue', 78, true, 'south', 'false', 5, 'Durock', 'Clicky', 0.37),
(139, 'black', 43, false, 'south', 'true', 3, 'KTT', 'Linear', 0.36),
(140, 'black', 28, false, 'north', 'false', 5, 'Kailh', 'Linear', 0.28),
(141, 'red', 71, true, 'north', 'true', 5, 'Glorious', 'Linear', 0.49),
(142, 'blue', 52, true, 'north', 'false', 5, 'gateron', 'Clicky', 0.34),
(143, 'silver', 47, true, 'south', 'false', 3, 'JWK', 'Linear', 0.51),
(144, 'brown', 58, false, 'south', 'false', 3, 'protoTypist', 'Tactile', 0.34),
(145, 'red', 76, false, 'north', 'false', 3, 'Kono', 'Linear', 0.85),
(146, 'silver', 28, true, 'south', 'true', 3, 'protoTypist', 'Linear', 0.83),
(147, 'yellow', 50, false, 'north', 'false', 5, 'C3equalz', 'Linear', 0.73),
(148, 'yellow', 32, true, 'north', 'false', 5, 'JWK', 'Linear', 0.37),
(149, 'yellow', 34, false, 'south', 'false', 3, 'C3equalz', 'Linear', 0.73),
(150, 'blue', 26, false, 'south', 'false', 5, 'KTT', 'Clicky', 0.39),
(151, 'brown', 33, false, 'south', 'false', 5, 'Glorious', 'Tactile', 0.36),
(152, 'red', 54, false, 'north', 'false', 3, 'protoTypist', 'Linear', 0.21),
(153, 'silver', 64, true, 'south', 'true', 5, 'EPOMAKER', 'Linear', 0.51),
(154, 'red', 21, false, 'north', 'false', 5, 'Tecsee', 'Linear', 0.77),
(155, 'black', 76, true, 'north', 'true', 5, 'EPOMAKER', 'Linear', 0.62),
(156, 'yellow', 21, false, 'south', 'false', 3, 'Glorious', 'Linear', 0.22),
(157, 'yellow', 33, false, 'north', 'false', 3, 'Cherry MX', 'Linear', 0.8),
(158, 'red', 83, false, 'south', 'false', 5, 'Cannonkeys', 'Linear', 0.2),
(159, 'black', 40, false, 'north', 'true', 3, 'C3equalz', 'Linear', 0.41),
(160, 'brown', 58, false, 'south', 'false', 3, 'KTT', 'Tactile', 0.64),
(161, 'blue', 22, true, 'south', 'false', 3, 'C3equalz', 'Clicky', 0.29),
(162, 'red', 38, true, 'north', 'true', 3, 'Everglide', 'Linear', 0.46),
(163, 'blue', 27, false, 'north', 'false', 3, 'Cannonkeys', 'Clicky', 0.3),
(164, 'black', 62, false, 'south', 'true', 3, 'Kono', 'Linear', 0.52),
(165, 'yellow', 25, false, 'north', 'false', 5, 'Durock', 'Linear', 0.45),
(166, 'blue', 76, false, 'north', 'false', 5, 'Tungsten', 'Clicky', 0.66),
(167, 'red', 66, false, 'north', 'false', 3, 'AKKO', 'Linear', 0.52),
(168, 'black', 27, true, 'north', 'false', 3, 'Everglide', 'Linear', 0.43),
(169, 'yellow', 20, true, 'north', 'false', 5, 'AKKO', 'Linear', 0.35),
(170, 'yellow', 20, true, 'south', 'false', 5, 'KTT', 'Linear', 0.48),
(171, 'black', 38, false, 'south', 'false', 5, 'KTT', 'Linear', 0.53),
(172, 'blue', 59, true, 'south', 'false', 3, 'protoTypist', 'Clicky', 0.36),
(173, 'black', 52, true, 'north', 'false', 3, 'C3equalz', 'Linear', 0.73),
(174, 'yellow', 47, true, 'south', 'false', 3, 'Tecsee', 'Linear', 0.29),
(175, 'blue', 83, false, 'north', 'false', 5, 'C3equalz', 'Clicky', 0.81),
(176, 'blue', 31, false, 'north', 'false', 3, 'C3equalz', 'Clicky', 0.29),
(177, 'black', 49, true, 'north', 'false', 3, 'gateron', 'Linear', 0.67),
(178, 'yellow', 82, true, 'south', 'false', 5, 'Cannonkeys', 'Linear', 0.42),
(179, 'black', 77, false, 'north', 'true', 3, 'Everglide', 'Linear', 0.74),
(180, 'blue', 46, false, 'south', 'false', 3, 'Tecsee', 'Clicky', 0.52),
(181, 'red', 63, false, 'south', 'true', 5, 'EPOMAKER', 'Linear', 0.87),
(182, 'blue', 76, false, 'south', 'false', 5, 'Durock', 'Clicky', 0.39),
(183, 'brown', 75, false, 'north', 'false', 5, 'Cherry MX', 'Tactile', 0.32),
(184, 'brown', 84, false, 'south', 'false', 5, 'AKKO', 'Tactile', 0.59),
(185, 'black', 68, false, 'north', 'true', 5, 'Tungsten', 'Linear', 0.44),
(186, 'red', 25, false, 'north', 'false', 3, 'JWK', 'Linear', 0.89),
(187, 'red', 51, false, 'north', 'false', 3, 'Durock', 'Linear', 0.73),
(188, 'blue', 60, false, 'south', 'false', 5, 'C3equalz', 'Clicky', 0.33),
(189, 'yellow', 85, true, 'south', 'false', 5, 'Everglide', 'Linear', 0.89),
(190, 'silver', 22, false, 'north', 'true', 5, 'Everglide', 'Linear', 0.24),
(191, 'blue', 26, true, 'south', 'false', 3, 'AKKO', 'Clicky', 0.79),
(192, 'yellow', 45, false, 'north', 'false', 3, 'gateron', 'Linear', 0.54),
(193, 'yellow', 68, false, 'north', 'false', 5, 'Kailh', 'Linear', 0.52),
(194, 'black', 62, false, 'north', 'true', 3, 'Kono', 'Linear', 0.35),
(195, 'silver', 51, true, 'south', 'false', 5, 'Cannonkeys', 'Linear', 0.2),
(196, 'brown', 45, false, 'south', 'false', 3, 'EPOMAKER', 'Tactile', 0.21),
(197, 'black', 49, false, 'north', 'false', 5, 'AKKO', 'Linear', 0.74),
(198, 'blue', 77, true, 'north', 'false', 3, 'protoTypist', 'Clicky', 0.77),
(199, 'yellow', 51, false, 'south', 'false', 5, 'AKKO', 'Linear', 0.85),
(200, 'yellow', 54, true, 'south', 'false', 3, 'protoTypist', 'Linear', 0.6),
(201, 'blue', 77, true, 'north', 'false', 3, 'gateron', 'Clicky', 0.47),
(202, 'silver', 83, true, 'south', 'false', 3, 'Kono', 'Linear', 0.79),
(203, 'red', 72, true, 'north', 'false', 5, 'JWK', 'Linear', 0.37),
(204, 'red', 69, true, 'south', 'true', 3, 'gateron', 'Linear', 0.57),
(205, 'yellow', 68, true, 'south', 'false', 5, 'Tecsee', 'Linear', 0.87),
(206, 'brown', 59, false, 'north', 'false', 5, 'KTT', 'Tactile', 0.33),
(207, 'black', 20, true, 'north', 'false', 5, 'gateron', 'Linear', 0.76),
(208, 'blue', 53, true, 'south', 'false', 3, 'protoTypist', 'Clicky', 0.39),
(209, 'brown', 25, true, 'south', 'false', 3, 'Kono', 'Tactile', 0.5),
(210, 'blue', 25, false, 'south', 'false', 3, 'Tecsee', 'Clicky', 0.79),
(211, 'brown', 62, false, 'south', 'false', 5, 'Kailh', 'Tactile', 0.28),
(212, 'silver', 54, true, 'north', 'false', 3, 'Kailh', 'Linear', 0.81),
(213, 'silver', 56, true, 'south', 'false', 3, 'Cannonkeys', 'Linear', 0.37),
(214, 'red', 58, false, 'north', 'true', 3, 'Cherry MX', 'Linear', 0.7),
(215, 'black', 81, true, 'south', 'true', 5, 'JWK', 'Linear', 0.29),
(216, 'yellow', 74, true, 'south', 'false', 3, 'Cherry MX', 'Linear', 0.86),
(217, 'blue', 44, false, 'north', 'false', 5, 'AKKO', 'Clicky', 0.66),
(218, 'yellow', 51, false, 'north', 'false', 3, 'AKKO', 'Linear', 0.66),
(219, 'brown', 55, true, 'north', 'false', 5, 'Tecsee', 'Tactile', 0.68),
(220, 'blue', 27, true, 'south', 'false', 3, 'Tungsten', 'Clicky', 0.81),
(221, 'silver', 37, false, 'south', 'true', 5, 'Tecsee', 'Linear', 0.43),
(222, 'blue', 38, true, 'south', 'false', 3, 'Tungsten', 'Clicky', 0.22),
(223, 'silver', 80, true, 'south', 'true', 5, 'Cherry MX', 'Linear', 0.58),
(224, 'brown', 48, false, 'north', 'false', 5, 'EPOMAKER', 'Tactile', 0.85),
(225, 'blue', 60, true, 'south', 'false', 3, 'Kailh', 'Clicky', 0.66),
(226, 'blue', 33, false, 'south', 'false', 3, 'Kailh', 'Clicky', 0.66),
(227, 'black', 33, false, 'south', 'false', 5, 'C3equalz', 'Linear', 0.23),
(228, 'blue', 22, false, 'north', 'false', 5, 'Tungsten', 'Clicky', 0.58),
(229, 'red', 81, false, 'north', 'false', 3, 'Durock', 'Linear', 0.81),
(230, 'black', 48, false, 'south', 'false', 3, 'Kono', 'Linear', 0.29),
(231, 'silver', 64, true, 'north', 'true', 5, 'Tungsten', 'Linear', 0.78),
(232, 'brown', 67, false, 'south', 'false', 3, 'Tecsee', 'Tactile', 0.35),
(233, 'silver', 36, false, 'north', 'true', 3, 'JWK', 'Linear', 0.42),
(234, 'brown', 48, true, 'south', 'false', 3, 'Everglide', 'Tactile', 0.31),
(235, 'red', 29, false, 'north', 'true', 3, 'Tungsten', 'Linear', 0.23),
(236, 'silver', 74, true, 'north', 'false', 3, 'protoTypist', 'Linear', 0.47),
(237, 'black', 23, true, 'south', 'true', 3, 'KTT', 'Linear', 0.54),
(238, 'yellow', 44, true, 'north', 'false', 5, 'Kailh', 'Linear', 0.85),
(239, 'black', 27, true, 'north', 'false', 5, 'gateron', 'Linear', 0.44),
(240, 'red', 61, true, 'south', 'true', 5, 'Kailh', 'Linear', 0.89),
(241, 'black', 39, true, 'north', 'true', 5, 'KTT', 'Linear', 0.47),
(242, 'yellow', 31, false, 'north', 'false', 5, 'JWK', 'Linear', 0.3),
(243, 'blue', 25, false, 'south', 'false', 3, 'Kono', 'Clicky', 0.29),
(244, 'brown', 33, false, 'north', 'false', 3, 'Tungsten', 'Tactile', 0.81),
(245, 'yellow', 31, true, 'south', 'false', 3, 'AKKO', 'Linear', 0.26),
(246, 'blue', 26, false, 'south', 'false', 5, 'EPOMAKER', 'Clicky', 0.8),
(247, 'yellow', 75, true, 'north', 'false', 3, 'Kono', 'Linear', 0.33),
(248, 'yellow', 35, true, 'south', 'false', 5, 'Kailh', 'Linear', 0.55),
(249, 'black', 40, true, 'south', 'false', 5, 'protoTypist', 'Linear', 0.3),
(250, 'yellow', 68, false, 'north', 'false', 5, 'Cannonkeys', 'Linear', 0.42),
(251, 'black', 83, true, 'south', 'true', 5, 'Everglide', 'Linear', 0.21),
(252, 'silver', 41, false, 'north', 'true', 5, 'Cherry MX', 'Linear', 0.62),
(253, 'brown', 80, true, 'south', 'false', 3, 'C3equalz', 'Tactile', 0.56),
(254, 'red', 26, false, 'north', 'false', 5, 'Kono', 'Linear', 0.37),
(255, 'black', 47, false, 'north', 'false', 3, 'JWK', 'Linear', 0.37),
(256, 'black', 72, true, 'north', 'true', 5, 'JWK', 'Linear', 0.66),
(257, 'blue', 36, true, 'north', 'false', 3, 'gateron', 'Clicky', 0.71),
(258, 'blue', 40, true, 'south', 'false', 5, 'JWK', 'Clicky', 0.2),
(259, 'red', 23, true, 'north', 'true', 5, 'Kailh', 'Linear', 0.44),
(260, 'red', 63, false, 'north', 'false', 3, 'C3equalz', 'Linear', 0.23),
(261, 'brown', 76, true, 'north', 'false', 5, 'JWK', 'Tactile', 0.9),
(262, 'silver', 60, true, 'north', 'true', 5, 'protoTypist', 'Linear', 0.5),
(263, 'red', 69, true, 'south', 'false', 3, 'gateron', 'Linear', 0.24),
(264, 'silver', 36, true, 'south', 'false', 5, 'Durock', 'Linear', 0.75),
(265, 'brown', 80, false, 'north', 'false', 5, 'Kailh', 'Tactile', 0.64),
(266, 'brown', 30, false, 'north', 'false', 5, 'Glorious', 'Tactile', 0.53),
(267, 'black', 36, true, 'north', 'true', 3, 'Everglide', 'Linear', 0.6),
(268, 'yellow', 47, false, 'north', 'false', 3, 'Everglide', 'Linear', 0.22),
(269, 'red', 30, true, 'north', 'true', 3, 'Cannonkeys', 'Linear', 0.39),
(270, 'red', 31, false, 'south', 'false', 5, 'Everglide', 'Linear', 0.36),
(271, 'yellow', 27, false, 'north', 'false', 5, 'AKKO', 'Linear', 0.2),
(272, 'silver', 35, true, 'south', 'true', 5, 'KTT', 'Linear', 0.85),
(273, 'yellow', 78, true, 'south', 'false', 5, 'C3equalz', 'Linear', 0.63),
(274, 'blue', 33, true, 'north', 'false', 5, 'Tecsee', 'Clicky', 0.81),
(275, 'brown', 79, true, 'south', 'false', 5, 'Tungsten', 'Tactile', 0.62),
(276, 'black', 34, true, 'south', 'false', 5, 'Cherry MX', 'Linear', 0.52),
(277, 'black', 23, true, 'north', 'false', 3, 'Tecsee', 'Linear', 0.88),
(278, 'red', 55, false, 'north', 'false', 3, 'Cannonkeys', 'Linear', 0.31),
(279, 'black', 70, false, 'south', 'true', 5, 'protoTypist', 'Linear', 0.64),
(280, 'red', 29, false, 'north', 'false', 3, 'Glorious', 'Linear', 0.69),
(281, 'brown', 40, false, 'south', 'false', 3, 'Cherry MX', 'Tactile', 0.29),
(282, 'red', 22, true, 'south', 'false', 3, 'Glorious', 'Linear', 0.6),
(283, 'red', 33, true, 'north', 'true', 5, 'gateron', 'Linear', 0.8),
(284, 'red', 70, false, 'south', 'true', 5, 'Everglide', 'Linear', 0.22),
(285, 'blue', 38, true, 'south', 'false', 5, 'protoTypist', 'Clicky', 0.6),
(286, 'black', 71, false, 'south', 'true', 5, 'Cherry MX', 'Linear', 0.33),
(287, 'yellow', 73, true, 'south', 'false', 3, 'Kailh', 'Linear', 0.63),
(288, 'silver', 76, false, 'north', 'false', 3, 'Durock', 'Linear', 0.89),
(289, 'brown', 68, false, 'south', 'false', 3, 'Tecsee', 'Tactile', 0.59),
(290, 'black', 29, true, 'north', 'true', 5, 'protoTypist', 'Linear', 0.36),
(291, 'red', 85, true, 'north', 'false', 5, 'Kono', 'Linear', 0.66),
(292, 'blue', 64, true, 'south', 'false', 5, 'Cannonkeys', 'Clicky', 0.54),
(293, 'yellow', 31, false, 'south', 'false', 5, 'protoTypist', 'Linear', 0.79),
(294, 'red', 70, true, 'north', 'true', 3, 'Kono', 'Linear', 0.81),
(295, 'silver', 42, false, 'south', 'false', 3, 'C3equalz', 'Linear', 0.21),
(296, 'blue', 32, false, 'south', 'false', 5, 'KTT', 'Clicky', 0.87),
(297, 'black', 49, false, 'south', 'true', 5, 'Kono', 'Linear', 0.76),
(298, 'red', 38, false, 'south', 'true', 3, 'EPOMAKER', 'Linear', 0.31),
(299, 'yellow', 68, false, 'north', 'false', 5, 'Kailh', 'Linear', 0.67),
(300, 'black', 21, false, 'south', 'false', 3, 'Tungsten', 'Linear', 0.6),
(301, 'brown', 71, true, 'north', 'false', 3, 'Tungsten', 'Tactile', 0.61),
(302, 'red', 75, true, 'north', 'false', 5, 'AKKO', 'Linear', 0.22),
(303, 'brown', 31, true, 'south', 'false', 3, 'AKKO', 'Tactile', 0.49),
(304, 'silver', 46, false, 'south', 'true', 3, 'AKKO', 'Linear', 0.76),
(305, 'silver', 45, true, 'south', 'false', 3, 'gateron', 'Linear', 0.45),
(306, 'red', 61, true, 'north', 'false', 5, 'Cannonkeys', 'Linear', 0.83),
(307, 'black', 54, false, 'south', 'true', 3, 'Everglide', 'Linear', 0.82),
(308, 'brown', 81, true, 'north', 'false', 5, 'KTT', 'Tactile', 0.8),
(309, 'yellow', 33, false, 'north', 'false', 3, 'Tecsee', 'Linear', 0.38),
(310, 'black', 76, false, 'south', 'false', 5, 'AKKO', 'Linear', 0.39),
(311, 'brown', 38, true, 'north', 'false', 3, 'Everglide', 'Tactile', 0.28),
(312, 'red', 46, true, 'south', 'false', 5, 'Cannonkeys', 'Linear', 0.65),
(313, 'silver', 72, true, 'north', 'false', 5, 'Everglide', 'Linear', 0.39),
(314, 'blue', 42, false, 'north', 'false', 5, 'Tungsten', 'Clicky', 0.7),
(315, 'brown', 75, false, 'south', 'false', 5, 'Tungsten', 'Tactile', 0.88),
(316, 'yellow', 25, false, 'south', 'false', 3, 'Tecsee', 'Linear', 0.23),
(317, 'yellow', 77, true, 'south', 'false', 5, 'C3equalz', 'Linear', 0.68),
(318, 'brown', 77, false, 'north', 'false', 3, 'Everglide', 'Tactile', 0.61),
(319, 'brown', 67, true, 'south', 'false', 3, 'Glorious', 'Tactile', 0.51),
(320, 'yellow', 74, true, 'north', 'false', 3, 'Cannonkeys', 'Linear', 0.44),
(321, 'blue', 68, true, 'south', 'false', 5, 'C3equalz', 'Clicky', 0.36),
(322, 'silver', 75, false, 'north', 'false', 3, 'JWK', 'Linear', 0.26),
(323, 'black', 40, false, 'north', 'true', 5, 'Tungsten', 'Linear', 0.4),
(324, 'black', 66, true, 'south', 'true', 5, 'protoTypist', 'Linear', 0.56),
(325, 'blue', 74, true, 'north', 'false', 5, 'AKKO', 'Clicky', 0.75),
(326, 'yellow', 42, true, 'north', 'false', 3, 'Everglide', 'Linear', 0.37),
(327, 'blue', 46, false, 'north', 'false', 3, 'Glorious', 'Clicky', 0.73),
(328, 'yellow', 84, false, 'north', 'false', 3, 'Cherry MX', 'Linear', 0.42),
(329, 'yellow', 51, true, 'north', 'false', 3, 'EPOMAKER', 'Linear', 0.23),
(330, 'red', 42, true, 'south', 'true', 5, 'Glorious', 'Linear', 0.81),
(331, 'brown', 79, true, 'north', 'false', 5, 'gateron', 'Tactile', 0.85),
(332, 'red', 52, true, 'south', 'true', 5, 'AKKO', 'Linear', 0.83),
(333, 'silver', 33, true, 'north', 'false', 3, 'Cannonkeys', 'Linear', 0.44),
(334, 'brown', 81, false, 'north', 'false', 5, 'Cannonkeys', 'Tactile', 0.87),
(335, 'yellow', 67, true, 'south', 'false', 3, 'Tungsten', 'Linear', 0.76),
(336, 'yellow', 55, true, 'north', 'false', 3, 'Durock', 'Linear', 0.48),
(337, 'black', 78, false, 'south', 'true', 5, 'Durock', 'Linear', 0.5),
(338, 'brown', 26, false, 'south', 'false', 5, 'Glorious', 'Tactile', 0.64),
(339, 'red', 63, true, 'south', 'true', 5, 'Cannonkeys', 'Linear', 0.64),
(340, 'black', 59, true, 'north', 'false', 3, 'Cannonkeys', 'Linear', 0.54),
(341, 'silver', 78, true, 'north', 'false', 3, 'AKKO', 'Linear', 0.35),
(342, 'yellow', 40, false, 'south', 'false', 5, 'EPOMAKER', 'Linear', 0.63),
(343, 'red', 23, false, 'south', 'false', 3, 'Cherry MX', 'Linear', 0.86),
(344, 'silver', 31, false, 'south', 'true', 5, 'Kono', 'Linear', 0.36),
(345, 'yellow', 63, true, 'south', 'false', 3, 'Everglide', 'Linear', 0.45),
(346, 'brown', 36, true, 'north', 'false', 3, 'Kono', 'Tactile', 0.83),
(347, 'brown', 55, true, 'south', 'false', 5, 'Durock', 'Tactile', 0.42),
(348, 'red', 35, false, 'north', 'false', 3, 'gateron', 'Linear', 0.3),
(349, 'blue', 32, true, 'north', 'false', 3, 'JWK', 'Clicky', 0.56),
(350, 'silver', 62, false, 'south', 'true', 5, 'Cherry MX', 'Linear', 0.21),
(351, 'blue', 53, true, 'south', 'false', 5, 'Everglide', 'Clicky', 0.29),
(352, 'red', 74, false, 'north', 'true', 3, 'Tecsee', 'Linear', 0.36),
(353, 'brown', 38, true, 'south', 'false', 3, 'JWK', 'Tactile', 0.54),
(354, 'silver', 77, true, 'south', 'false', 3, 'Kono', 'Linear', 0.67),
(355, 'black', 64, true, 'north', 'false', 3, 'KTT', 'Linear', 0.86),
(356, 'red', 85, true, 'north', 'true', 3, 'KTT', 'Linear', 0.42),
(357, 'black', 70, true, 'north', 'true', 5, 'Durock', 'Linear', 0.21),
(358, 'silver', 24, false, 'south', 'true', 5, 'EPOMAKER', 'Linear', 0.26),
(359, 'blue', 44, false, 'north', 'false', 3, 'C3equalz', 'Clicky', 0.61),
(360, 'silver', 56, true, 'north', 'true', 3, 'Cherry MX', 'Linear', 0.83),
(361, 'silver', 31, false, 'north', 'true', 5, 'EPOMAKER', 'Linear', 0.68),
(362, 'red', 58, false, 'south', 'false', 5, 'gateron', 'Linear', 0.36),
(363, 'yellow', 37, true, 'south', 'false', 3, 'Cannonkeys', 'Linear', 0.32),
(364, 'silver', 83, false, 'north', 'false', 3, 'Kailh', 'Linear', 0.3),
(365, 'red', 53, true, 'south', 'false', 5, 'protoTypist', 'Linear', 0.85),
(366, 'silver', 31, true, 'south', 'false', 5, 'protoTypist', 'Linear', 0.43),
(367, 'silver', 35, false, 'south', 'false', 5, 'protoTypist', 'Linear', 0.51),
(368, 'red', 46, false, 'south', 'false', 5, 'gateron', 'Linear', 0.39),
(369, 'blue', 77, false, 'south', 'false', 3, 'Tecsee', 'Clicky', 0.77),
(370, 'blue', 83, false, 'north', 'false', 5, 'Tecsee', 'Clicky', 0.5),
(371, 'blue', 59, false, 'south', 'false', 5, 'Kono', 'Clicky', 0.82),
(372, 'brown', 85, true, 'south', 'false', 5, 'Tungsten', 'Tactile', 0.67),
(373, 'brown', 54, false, 'south', 'false', 5, 'JWK', 'Tactile', 0.69),
(374, 'red', 32, true, 'south', 'true', 5, 'protoTypist', 'Linear', 0.79),
(375, 'yellow', 81, false, 'north', 'false', 5, 'protoTypist', 'Linear', 0.54),
(376, 'blue', 59, false, 'south', 'false', 3, 'Tungsten', 'Clicky', 0.54),
(377, 'silver', 45, true, 'north', 'false', 3, 'Kono', 'Linear', 0.31),
(378, 'blue', 61, true, 'south', 'false', 3, 'Kono', 'Clicky', 0.46),
(379, 'black', 39, true, 'south', 'false', 3, 'Glorious', 'Linear', 0.78),
(380, 'silver', 44, true, 'north', 'true', 5, 'Cannonkeys', 'Linear', 0.9),
(381, 'brown', 49, true, 'north', 'false', 3, 'protoTypist', 'Tactile', 0.81),
(382, 'red', 76, false, 'north', 'true', 3, 'Tungsten', 'Linear', 0.44),
(383, 'brown', 57, false, 'south', 'false', 3, 'Glorious', 'Tactile', 0.84),
(384, 'black', 53, false, 'south', 'false', 5, 'protoTypist', 'Linear', 0.53),
(385, 'brown', 72, true, 'south', 'false', 5, 'Glorious', 'Tactile', 0.45),
(386, 'silver', 66, true, 'south', 'true', 5, 'Tecsee', 'Linear', 0.58),
(387, 'yellow', 35, false, 'north', 'false', 5, 'protoTypist', 'Linear', 0.34),
(388, 'silver', 53, true, 'north', 'false', 3, 'Kailh', 'Linear', 0.46),
(389, 'brown', 77, false, 'south', 'false', 5, 'Tungsten', 'Tactile', 0.27),
(390, 'yellow', 43, true, 'south', 'false', 5, 'Tungsten', 'Linear', 0.87),
(391, 'red', 83, true, 'north', 'false', 5, 'Glorious', 'Linear', 0.27),
(392, 'blue', 40, false, 'north', 'false', 5, 'Tungsten', 'Clicky', 0.8),
(393, 'red', 31, true, 'south', 'true', 3, 'Tungsten', 'Linear', 0.64),
(394, 'brown', 35, false, 'south', 'false', 3, 'Cherry MX', 'Tactile', 0.66),
(395, 'blue', 41, false, 'south', 'false', 3, 'protoTypist', 'Clicky', 0.58),
(396, 'brown', 20, true, 'north', 'false', 3, 'Cherry MX', 'Tactile', 0.85),
(397, 'blue', 61, false, 'north', 'false', 5, 'gateron', 'Clicky', 0.22),
(398, 'silver', 41, false, 'south', 'true', 3, 'JWK', 'Linear', 0.86),
(399, 'silver', 77, false, 'north', 'true', 3, 'Tecsee', 'Linear', 0.71),
(400, 'silver', 29, true, 'north', 'true', 3, 'Everglide', 'Linear', 0.78),
(401, 'yellow', 84, false, 'north', 'false', 3, 'KTT', 'Linear', 0.76),
(402, 'yellow', 21, false, 'north', 'false', 5, 'Kailh', 'Linear', 0.54),
(403, 'black', 55, false, 'north', 'false', 3, 'Everglide', 'Linear', 0.73),
(404, 'brown', 70, true, 'north', 'false', 5, 'Tungsten', 'Tactile', 0.61),
(405, 'silver', 47, true, 'north', 'false', 3, 'Durock', 'Linear', 0.32),
(406, 'black', 77, false, 'north', 'true', 3, 'Kailh', 'Linear', 0.65),
(407, 'brown', 43, true, 'south', 'false', 5, 'Tecsee', 'Tactile', 0.57),
(408, 'red', 36, false, 'south', 'true', 5, 'gateron', 'Linear', 0.81);
INSERT INTO public."PLATE" ("ID", "Materiale", "Manufacturer", "Prezzo", "Quantità", "ID_LAYOUT") VALUES
(1, 'ottone', 'GMMK', 17.19, 35, 1),
(2, 'legno', 'MK', 15.13, 34, 6),
(3, 'legno', 'MK', 11.04, 30, 10),
(4, 'alluminio', 'KBDfans', 18.28, 81, 5),
(5, 'ottone', 'KBDfans', 14.87, 20, 3),
(6, 'ottone', 'GMMK', 10.22, 39, 5),
(7, 'ottone', 'KBDfans', 11.0, 51, 6),
(8, 'legno', 'GMMK', 11.33, 46, 11),
(9, 'legno', 'KBDfans', 14.14, 60, 11),
(10, 'alluminio', 'MK', 14.2, 100, 4),
(11, 'fibra di carbonio', 'GMMK', 19.77, 47, 4),
(12, 'fibra di carbonio', 'GMMK', 10.98, 13, 2),
(13, 'ottone', 'MK', 12.39, 18, 1),
(14, 'ottone', 'Odin', 14.19, 81, 2),
(15, 'alluminio', 'Odin', 15.61, 90, 3),
(16, 'ottone', 'KBDfans', 10.75, 40, 2),
(17, 'alluminio', 'Odin', 15.72, 39, 1),
(18, 'legno', 'Odin', 10.35, 13, 7),
(19, 'alluminio', 'GMMK', 11.54, 11, 3),
(20, 'alluminio', 'MK', 10.12, 34, 4),
(21, 'ottone', 'MK', 14.02, 28, 3),
(22, 'alluminio', 'MK', 18.21, 47, 11),
(23, 'ottone', 'KBDfans', 13.36, 82, 3),
(24, 'alluminio', 'MK', 16.46, 83, 4),
(25, 'fibra di carbonio', 'KBDfans', 12.1, 21, 8),
(26, 'legno', 'KBDfans', 18.06, 79, 8),
(27, 'fibra di carbonio', 'KBDfans', 19.18, 14, 1),
(28, 'alluminio', 'Odin', 18.05, 37, 9),
(29, 'legno', 'GMMK', 19.67, 79, 4),
(30, 'alluminio', 'MK', 13.89, 27, 9),
(31, 'alluminio', 'MK', 10.51, 31, 1);
INSERT INTO public."CASE" ("ID", "Colore", "Materiale", "Manufacturer", "Prezzo", "Quantità", "ID_LAYOUT") VALUES
(1, 'Oro', 'plastica', 'KBDfans', 11.4, 44, 1),
(2, 'Rosso carminio', 'alluminio', 'KBDfans', 15.85, 14, 9),
(3, 'Viola', 'plastica', 'KBDfans', 15.67, 21, 11),
(4, 'Blu', 'alluminio', 'KBDfans', 16.56, 83, 11),
(5, 'Oro', 'plastica', 'TEX', 18.76, 40, 10),
(6, 'Marrone', 'plastica', 'KBDfans', 19.19, 84, 6),
(7, 'Verde', 'plastica', 'TEX', 10.7, 72, 11),
(8, 'Verde', 'alluminio', 'TEX', 10.12, 68, 12),
(9, 'Porpora', 'plastica', 'vortex', 13.36, 99, 5),
(10, 'Azzurro', 'alluminio', 'vortex', 13.69, 52, 1),
(11, 'Giallo', 'plastica', 'varmilio', 18.75, 72, 5),
(12, 'Rosa', 'alluminio', 'KBDfans', 18.7, 76, 4),
(13, 'Verde', 'plastica', 'vortex', 13.53, 78, 6),
(14, 'Rosso', 'alluminio', 'TEX', 11.65, 68, 12),
(15, 'Arancione', 'plastica', 'KBDfans', 15.33, 13, 3),
(16, 'Oro', 'plastica', 'TEX', 10.72, 37, 3),
(17, 'Viola', 'plastica', 'KBDfans', 15.67, 18, 1),
(18, 'Rosso', 'alluminio', 'TEX', 17.28, 12, 11),
(19, 'Rosa', 'plastica', 'TEX', 17.78, 35, 5),
(20, 'Oro', 'plastica', 'KBDfans', 18.78, 94, 10),
(21, 'Marrone', 'plastica', 'KBDfans', 18.7, 48, 9),
(22, 'Rosso', 'alluminio', 'varmilio', 12.16, 67, 6),
(23, 'Rosa', 'plastica', 'KBDfans', 11.26, 77, 7),
(24, 'Marrone', 'alluminio', 'vortex', 13.94, 44, 3),
(25, 'Fuchsia', 'alluminio', 'varmilio', 19.25, 29, 11),
(26, 'Oro', 'plastica', 'vortex', 10.37, 40, 9),
(27, 'Viola', 'alluminio', 'TEX', 13.09, 97, 8),
(28, 'Azzurro', 'plastica', 'varmilio', 12.55, 37, 3),
(29, 'Arancione', 'plastica', 'vortex', 18.41, 50, 8),
(30, 'Bianco', 'alluminio', 'TEX', 17.47, 19, 4),
(31, 'Blu', 'plastica', 'varmilio', 16.16, 81, 8),
(32, 'Marrone', 'alluminio', 'vortex', 17.1, 69, 1),
(33, 'Azzurro', 'alluminio', 'varmilio', 12.22, 45, 2),
(34, 'Bianco', 'alluminio', 'varmilio', 17.02, 33, 2);
INSERT INTO public."TASTIERA MECCANICA" ("ID", "ID_KEYCAPS", "ID_PCB", "ID_SWITCH", "ID_PLATE", "ID_CASE") VALUES
(1, 60, 40, 23, 22, 4),
(2, 4, 11, 13, 22, 18),
(3, 4, 40, 7, 8, 7),
(4, 88, 11, 9, 9, 25),
(5, 60, 11, 17, 9, 4),
(6, 39, 4, 12, 14, 33),
(7, 27, 21, 23, 14, 33),
(8, 50, 41, 17, 12, 34),
(9, 74, 17, 11, 16, 33),
(10, 16, 22, 9, 18, 23),
(11, 45, 39, 22, 3, 20),
(12, 61, 30, 27, 3, 5),
(13, 27, 41, 9, 12, 34),
(14, 36, 21, 8, 16, 33),
(15, 38, 17, 19, 14, 34),
(16, 79, 9, 27, 16, 33),
(17, 50, 41, 24, 12, 34),
(18, 66, 35, 28, 12, 34),
(19, 84, 45, 29, 14, 34),
(20, 57, 27, 16, 4, 11),
(21, 46, 42, 24, 6, 11),
(22, 94, 27, 22, 6, 19),
(23, 43, 14, 2, 19, 28),
(24, 96, 2, 8, 21, 16),
(25, 9, 2, 15, 23, 24);
INSERT INTO public."CODICE SCONTO" ("Nome", "Valore") VALUES
('lxdevnwmxtue', 5),
('lahgiozbepic', 25),
('mvfpjutbgprs', 10);
INSERT INTO public."ORDINE" ("NumOrdine", "Data", "ID_UTENTE", "ID_INDIRIZZO", "Nome_CODICE SCONTO") VALUES

(1, '2022-05-04', 67, 67, null),
(2, '2022-05-02', 71, 71, null),
(3, '2022-05-02', 22, 22, null),
(4, '2022-05-05', 70, 70, null),
(5, '2022-05-01', 78, 78, null),
(6, '2022-05-03', 9, 9, null),
(7, '2022-05-05', 57, 57, 'lxdevnwmxtue'),
(8, '2022-05-07', 98, 98, null),
(9, '2022-05-02', 44, 44, null),
(10, '2022-05-04', 97, 97, null),
(11, '2022-05-05', 93, 93, null),
(12, '2022-04-30', 89, 89, null),
(13, '2022-05-01', 58, 58, 'lahgiozbepic'),
(14, '2022-05-08', 37, 37, 'mvfpjutbgprs'),
(15, '2022-05-04', 75, 75, null),
(16, '2022-05-07', 9, 9, null),
(17, '2022-05-06', 83, 83, null),
(18, '2022-05-06', 24, 24, null),
(19, '2022-05-03', 44, 44, null),
(20, '2022-05-02', 28, 28, null);
INSERT INTO public."GRUPPO TASTIERE" ("ID", "NumOrdine_ORDINE", "ID_TASTIERA MECCANICA") VALUES

(1, 1, 1),
(2, 2, 2),
(3, 3, 3),
(4, 4, 4),
(5, 5, 5),
(6, 5, 6),
(7, 6, 7),
(8, 7, 8),
(9, 7, 9),
(10, 8, 10),
(11, 9, 11),
(12, 10, 12),
(13, 11, 13),
(14, 12, 14),
(15, 12, 15),
(16, 13, 16),
(17, 14, 17),
(18, 15, 18),
(19, 16, 19),
(20, 17, 20),
(21, 18, 21),
(22, 19, 22),
(23, 19, 23),
(24, 20, 24);
 INSERT INTO public."RECENSIONE" ("ID", "Valutazione", "Data", "Testo", "NumOrdine_ORDINE") VALUES

(1, '5', '2022-05-08', 'wow', 9),
(2, '4', '2022-05-10', 'Molto contento spedizione veloce', 10),
(3, '1', '2022-05-11', 'Il pacco è arrivato in ritardo', 2),
(4, '5', '2022-05-11', 'Tutto perfetto, servizio clienti impeccabile', 19),
(5, '5', '2022-05-14', NULL , 13);
CREATE INDEX index_keycaps ON "KEYCAPS" ("ID", "Prezzo");
CREATE INDEX index_pcb ON "PCB" ("ID", "Prezzo", "ID_LAYOUT");
CREATE INDEX index_switch ON "SWITCH" ("ID", "Prezzo");
CREATE INDEX index_plate ON "PLATE" ("ID", "Prezzo");
CREATE INDEX index_case ON "CASE" ("ID", "Prezzo");
